episode;reward;steps
0;13291.690709249002;110
1;13077.78561564555;111
2;13344.926616439223;113
3;13113.058877796788;107
4;13260.023585375477;108
5;13180.359046709298;107
6;13180.359046709298;107
7;13199.127402461905;107
8;13199.127402461905;107
9;13279.854092798376;108
10;13199.127402461905;107
11;13145.211187092817;107
12;13155.53526324777;108
13;13196.51455751767;107
14;13149.470279508078;107
15;13151.143337022006;107
16;13199.127402461905;107
17;13101.738711751705;109
18;13199.127402461905;107
19;13213.698987264726;108
20;13199.127402461905;107
21;13220.368501828469;108
22;13246.729645448804;108
23;13284.283157425793;108
24;13029.649433348462;107
25;13199.127402461905;107
26;13199.127402461905;107
27;13199.127402461905;107
28;13199.127402461905;107
29;13337.8717696651;108
30;13274.17697111757;108
31;13183.7930450254;107
32;13158.19742931707;107
33;13112.499998146715;113
34;13232.660966488196;108
35;13222.615130303577;108
36;13199.127402461905;107
37;13174.244341693335;108
38;13293.540480052689;109
39;13284.099914832072;108
40;13188.455956828142;108
41;13224.898627397819;108
42;13199.127402461905;107
43;13199.127402461905;107
44;13099.912998864635;107
45;13253.136720668708;109
46;13199.260112407635;107
47;13297.995882319165;109
48;13199.127402461905;107
49;13199.127402461905;107
50;13199.127402461905;107
51;13199.127402461905;107
52;13196.687855669363;110
53;13090.044042261596;107
54;13199.127402461905;107
55;13199.127402461905;107
56;13199.127402461905;107
57;13199.127402461905;107
58;13352.173456710814;108
59;13199.127402461905;107
60;13199.127402461905;107
61;13115.00718617066;107
62;13064.459348885292;111
63;13084.398806205967;107
64;13113.980578694223;107
65;13199.127402461905;107
66;13145.211187092817;107
67;13261.99379856332;108
68;13199.127402461905;107
69;13199.127402461905;107
70;13229.843498020924;108
71;13199.127402461905;107
72;13199.127402461905;107
73;13174.244341693335;108
74;13199.127402461905;107
75;13199.127402461905;107
76;13199.127402461905;107
77;13199.127402461905;107
78;13199.127402461905;107
79;13306.35817771654;109
80;13040.906416841242;107
81;13199.127402461905;107
82;13267.31374475319;109
83;13059.522416422831;107
84;13199.127402461905;107
85;13199.127402461905;107
86;13199.127402461905;107
87;13199.127402461905;107
88;13199.127402461905;107
89;13279.151753235088;108
90;13199.127402461905;107
91;13257.719427834887;109
92;13199.127402461905;107
93;13199.260112407635;107
94;13199.127402461905;107
95;13303.045138037412;110
96;13199.127402461905;107
97;13199.127402461905;107
98;13074.029775994424;109
99;13199.127402461905;107
100;13103.424384733797;107
101;13193.866129126489;109
102;13244.920663649058;107
103;13172.327657564563;107
104;13216.47619967123;108
105;13199.127402461905;107
106;13162.992804684663;109
107;13199.127402461905;107
108;13199.127402461905;107
109;13155.797217745101;108
110;13199.127402461905;107
111;13200.994423266187;107
112;13136.30171793003;108
113;13326.613995512525;108
114;12955.455696134939;107
115;13199.127402461905;107
116;13235.801991560702;108
117;13040.86673709429;107
118;13199.127402461905;107
119;13199.127402461905;107
120;13329.030602017647;110
121;13172.261873317764;107
122;13199.127402461905;107
123;13056.273956342302;107
124;13199.127402461905;107
125;13199.455563848;109
126;13199.127402461905;107
127;13117.218126398251;107
128;13199.127402461905;107
129;13199.127402461905;107
130;13157.056397528442;108
131;13174.036280412412;108
132;13225.083150109223;112
133;13131.408533081403;108
134;13199.127402461905;107
135;13229.898263458657;107
136;13199.127402461905;107
137;13199.127402461905;107
138;13274.074651032528;109
139;13199.127402461905;107
140;13100.933570255102;107
141;13179.32721625212;107
142;13178.5308379106;107
143;13199.127402461905;107
144;13199.127402461905;107
145;13346.136102666673;109
146;13199.127402461905;107
147;13179.153823030194;107
148;13199.127402461905;107
149;13199.127402461905;107
150;13256.285678294114;108
151;13199.127402461905;107
152;13206.590820627203;107
153;13199.127402461905;107
154;13325.859918530356;108
155;13275.173130239726;108
156;13199.127402461905;107
157;13121.050316904038;109
158;13199.127402461905;107
159;13199.127402461905;107
160;13199.127402461905;107
161;13325.859918530356;108
162;13199.127402461905;107
163;13149.269424170248;107
164;13179.153823030194;107
165;13190.8590953484;108
166;13199.127402461905;107
167;13199.127402461905;107
168;13311.164474360728;111
169;13026.987049414493;108
170;13315.489721337539;108
171;13247.198477126167;108
172;13199.127402461905;107
173;13199.127402461905;107
174;13053.410269577507;107
175;13199.127402461905;107
176;13199.66179849419;108
177;13199.127402461905;107
178;13199.127402461905;107
179;13247.060366890877;108
180;13303.01459982359;108
181;13080.428426256374;109
182;13269.38445108723;112
183;13199.127402461905;107
184;13279.854092798376;108
185;13250.96275213218;108
186;13145.152677563137;107
187;13078.318154362849;107
188;13199.127402461905;107
189;13199.127402461905;107
190;13199.127402461905;107
191;13199.127402461905;107
192;13199.127402461905;107
193;13053.107490250753;107
194;13199.127402461905;107
195;13199.127402461905;107
196;13146.316397905337;108
197;13190.8590953484;108
198;13204.132610729743;107
199;13199.127402461905;107
200;13199.260112407635;107
201;13207.748938626168;110
202;13247.208955374987;109
203;13199.127402461905;107
204;13194.004361870131;107
205;13199.127402461905;107
206;13244.35859346047;109
207;13284.099914832072;108
208;13199.127402461905;107
209;13129.469453783897;107
210;13199.127402461905;107
211;13061.90027200216;108
212;13337.8717696651;108
213;13138.676602382133;107
214;13199.127402461905;107
215;13199.127402461905;107
216;13199.127402461905;107
217;13324.966818201785;108
218;13149.470279508078;107
219;13025.994188156094;113
220;13199.127402461905;107
221;13199.127402461905;107
222;13199.127402461905;107
223;13185.573727828843;108
224;13214.588355090875;109
225;13199.127402461905;107
226;13224.519669366979;108
227;13199.127402461905;107
228;13199.127402461905;107
229;13199.127402461905;107
230;13199.127402461905;107
231;13199.260112407635;107
232;13179.457067949954;107
233;13178.825602741288;107
234;13199.127402461905;107
235;13170.14052096483;110
236;13178.544374747953;107
237;13178.482229539988;107
238;13220.368501828469;108
239;13199.127402461905;107
240;13199.127402461905;107
241;13199.127402461905;107
242;13199.127402461905;107
243;13179.457067949954;107
244;13179.247571414262;107
245;13190.601059786315;108
246;13199.127402461905;107
247;13199.127402461905;107
248;13199.127402461905;107
249;13177.71739943052;108
250;13217.830461320706;107
251;13096.43834768114;108
252;13199.127402461905;107
253;13199.127402461905;107
254;13265.86171330232;108
255;13199.127402461905;107
256;13199.127402461905;107
257;13220.259888562887;109
258;13199.127402461905;107
259;13170.542034247788;109
260;13199.127402461905;107
261;13199.127402461905;107
262;13101.272196857324;108
263;13342.341815697877;109
264;13199.127402461905;107
265;13199.127402461905;107
266;13179.121019124632;107
267;13199.127402461905;107
268;13179.32721625212;107
269;13199.127402461905;107
270;13059.563512931061;107
271;13199.127402461905;107
272;13199.127402461905;107
273;13284.283157425793;108
274;13199.127402461905;107
275;13199.127402461905;107
276;13199.127402461905;107
277;13199.127402461905;107
278;13034.72057962839;107
279;13098.03974608255;107
280;13199.127402461905;107
281;13199.127402461905;107
282;13090.332856373212;107
283;13199.127402461905;107
284;13234.00905026948;110
285;13233.562294635845;109
286;13199.127402461905;107
287;13199.127402461905;107
288;13195.902643711544;107
289;13332.171409570714;108
290;13337.335395262042;109
291;13199.127402461905;107
292;13199.127402461905;107
293;13177.641709261803;109
294;13199.127402461905;107
295;13199.127402461905;107
296;13199.127402461905;107
297;13204.132610729743;107
298;13199.127402461905;107
299;13074.846016791958;107
300;13169.723393790893;108
301;13199.127402461905;107
302;13199.127402461905;107
303;13250.376224949212;108
304;13137.749260657993;108
305;13199.127402461905;107
306;13199.127402461905;107
307;13199.127402461905;107
308;13115.527701713381;107
309;13199.127402461905;107
310;13347.746981940036;110
311;13199.127402461905;107
312;13179.121019124632;107
313;13199.127402461905;107
314;13040.906416841242;107
315;13199.127402461905;107
316;13184.503386381457;107
317;13199.127402461905;107
318;13199.127402461905;107
319;13199.127402461905;107
320;13199.127402461905;107
321;13183.82510785389;107
322;13199.127402461905;107
323;13199.127402461905;107
324;13131.027852986184;107
325;13199.127402461905;107
326;13183.7930450254;107
327;13199.127402461905;107
328;12986.648006628251;109
329;13361.550582728865;112
330;13090.332856373212;107
331;13259.739493453822;109
332;13199.127402461905;107
333;13145.211187092817;107
334;13071.574267802907;107
335;13238.400090527564;107
336;13287.201926861595;107
337;13095.148529579012;107
338;13040.935076067834;107
339;13199.127402461905;107
340;13199.127402461905;107
341;13199.127402461905;107
342;13199.127402461905;107
343;13199.127402461905;107
344;13105.399706205184;108
345;13104.352024269772;107
346;13394.623156581914;112
347;13155.187458506565;110
348;13172.6413152011;109
349;13461.281542357345;114
350;13197.040748877382;112
351;13520.183988741423;114
352;13293.9590088956;110
353;13445.07169750018;111
354;13429.268186334924;111
355;13429.268186334924;111
356;13429.268186334924;111
357;13411.898241949939;113
358;13319.16001339283;112
359;13554.424603783518;112
360;13374.814721712215;113
361;13261.922043578641;110
362;13188.385807818731;107
363;13134.578873453487;108
364;13231.294957145505;109
365;13228.728864308474;107
366;13188.385807818731;107
367;13188.385807818731;107
368;13188.385807818731;107
369;13226.653979139564;109
370;13200.522415649692;108
371;13115.04757898961;107
372;13168.214076571972;107
373;13130.49963503088;107
374;13273.493112908389;109
375;13148.246585581843;107
376;13188.385807818731;107
377;13188.385807818731;107
378;13055.894992659647;107
379;13110.597041688516;107
380;13188.385807818731;107
381;13145.956206531584;109
382;13168.388900024376;107
383;13188.385807818731;107
384;13187.720719232055;108
385;13157.79389599045;107
386;13263.252426412517;108
387;13188.385807818731;107
388;13188.385807818731;107
389;13188.385807818731;107
390;13188.385807818731;107
391;13188.385807818731;107
392;13147.875786705392;108
393;13188.385807818731;107
394;13188.385807818731;107
395;13188.385807818731;107
396;13188.385807818731;107
397;13188.385807818731;107
398;13069.536052208934;107
399;13273.32776237756;107
400;13188.385807818731;107
401;13360.989735260164;109
402;13188.385807818731;107
403;13188.385807818731;107
404;13168.340262707305;107
405;13188.385807818731;107
406;13094.918712518775;109
407;13188.385807818731;107
408;13188.385807818731;107
409;13188.385807818731;107
410;13179.234831807702;107
411;13188.385807818731;107
412;13188.385807818731;107
413;13364.688158287317;108
414;13260.280724331133;110
415;13188.385807818731;107
416;13188.385807818731;107
417;13188.385807818731;107
418;13266.125063201422;107
419;13188.385807818731;107
420;13188.385807818731;107
421;13278.652954244193;111
422;13110.45851648812;107
423;13188.385807818731;107
424;13180.974370594666;109
425;13139.066436373752;107
426;13411.665934416784;113
427;13188.385807818731;107
428;13086.525680159033;108
429;13188.385807818731;107
430;13188.385807818731;107
431;13188.385807818731;107
432;13204.185178519736;107
433;13105.237588019803;107
434;13198.890453221404;111
435;13218.449856443684;109
436;13188.385807818731;107
437;13188.385807818731;107
438;13188.385807818731;107
439;13134.578873453487;108
440;13093.810343496838;107
441;13293.331004889578;111
442;13188.385807818731;107
443;13188.385807818731;107
444;13276.962317097219;111
445;13368.776378448101;109
446;13188.385807818731;107
447;13209.880831976176;109
448;13203.49379282655;108
449;13188.385807818731;107
450;13188.385807818731;107
451;13162.923874543734;107
452;13146.627381254768;107
453;13188.385807818731;107
454;13178.097995025993;107
455;13188.385807818731;107
456;13194.550652884516;108
457;13368.992111184549;109
458;13188.385807818731;107
459;13248.285682199146;108
460;13151.545907269394;107
461;13188.385807818731;107
462;13167.6300279934;107
463;13277.655812660654;109
464;13192.046227620645;108
465;13038.60813096057;106
466;13188.385807818731;107
467;13188.385807818731;107
468;13117.598815893627;107
469;13168.556868513982;107
470;13226.000522752744;107
471;13262.598343544014;109
472;13188.385807818731;107
473;13222.797519432286;107
474;13168.37994680057;107
475;13262.665246221426;108
476;13023.474726374921;107
477;13064.185865666841;107
478;13188.385807818731;107
479;13188.385807818731;107
480;13188.385807818731;107
481;13188.385807818731;107
482;13188.385807818731;107
483;13240.511474013336;108
484;13165.999878498551;107
485;13208.071934023956;108
486;13244.57914242802;108
487;13188.385807818731;107
488;13151.783119005964;109
489;13188.385807818731;107
490;13271.128409870906;108
491;13045.961691967024;107
492;13188.385807818731;107
493;13188.385807818731;107
494;13266.44660726574;108
495;13188.385807818731;107
496;13326.33153376631;108
497;13253.932861961688;108
498;13188.385807818731;107
499;13262.598343544014;109
500;13188.385807818731;107
501;13188.385807818731;107
502;13188.385807818731;107
503;13188.385807818731;107
504;13188.385807818731;107
505;13110.45851648812;107
506;13253.932861961688;108
507;13188.385807818731;107
508;13188.385807818731;107
509;13188.385807818731;107
510;13023.474726374921;107
511;13164.671671001848;107
512;13483.56845321427;111
513;13121.296935076149;109
514;13188.385807818731;107
515;13188.385807818731;107
516;13188.385807818731;107
517;13380.285900863977;110
518;13347.011506387567;110
519;13341.06119870694;110
520;13513.227500807037;113
521;13478.087390444161;113
522;13419.224838372482;111
523;13479.326944268043;114
524;13388.204759808345;112
525;13366.822039178493;112
526;13432.081915527158;113
527;13441.888319595395;114
528;13231.618917938971;110
529;13498.885335893712;113
530;13360.861107296483;117
531;13509.48105091834;118
532;13275.418808134647;111
533;13365.187079749181;112
534;13321.962259416698;113
535;13463.463787242963;115
536;13443.295309285517;113
537;13437.324185948488;113
538;13413.857409431048;119
539;13495.112245064218;120
540;13505.460176023144;120
541;13590.090814059373;120
542;13281.410267515377;114
543;13631.010918132864;124
544;13590.814245046218;118
545;13511.697912156118;115
546;13401.872207703353;113
547;13299.240866473281;112
548;13287.824730856208;113
549;13497.614757581181;117
550;13470.289498255259;115
551;13572.945208100971;115
552;13110.974118602882;114
553;13040.07511536526;113
554;13103.221023642232;109
555;13025.091377727016;110
556;13437.907830574548;115
557;12939.505310529787;111
558;13412.842778704186;113
559;12985.347830625757;109
560;13094.335822627385;108
561;13228.276442465438;110
562;13355.547056379515;115
563;13209.635848524373;110
564;13491.369945109052;112
565;13171.204149810144;111
566;13062.29509482114;108
567;12980.380426761465;107
568;12508.672150922328;107
569;13452.862781229247;113
570;13243.298246498218;108
571;13145.744426173922;107
572;13311.512272080587;110
573;13067.898470838625;107
574;13171.903789740496;106
575;13274.4106583326;107
576;13204.670657528;108
577;13225.316059003351;107
578;13283.908459889355;109
579;13044.988677504414;107
580;13309.919392886994;107
581;13453.129906821596;109
582;13149.540827627708;107
583;13273.519209421458;107
584;13357.426903248743;112
585;13237.894919560684;110
586;13299.306553538612;113
587;13232.469821215318;109
588;13071.499844290493;109
589;13094.094442581654;106
590;13342.952249953432;108
591;13262.096729695506;107
592;13235.110209765839;107
593;13200.360243732419;107
594;13192.800707807442;109
595;13235.110209765839;107
596;13178.782602298192;107
597;13235.110209765839;107
598;13235.110209765839;107
599;13235.110209765839;107
600;13258.376896377571;108
601;13297.240866399869;107
602;13258.454305386897;108
603;13235.110209765839;107
604;13235.110209765839;107
605;13279.353354311743;108
606;13291.484026727923;108
607;13324.242874769603;108
608;13258.376896377571;108
609;13164.523092854488;106
610;13220.289215663819;108
611;13344.132991270517;108
612;13089.4557944376;106
613;13215.104152180817;107
614;13245.746462238403;107
615;13144.718656904557;108
616;13235.110209765839;107
617;13192.800707807442;109
618;13214.620729495511;107
619;13235.110209765839;107
620;13344.132991270517;108
621;13235.110209765839;107
622;13258.376896377571;108
623;13133.090291786313;106
624;13235.110209765839;107
625;13198.309712278402;108
626;13174.908120736918;107
627;13235.110209765839;107
628;13181.301258394511;107
629;13160.974227952182;107
630;13172.799652894308;107
631;13375.092255417952;109
632;13235.110209765839;107
633;13235.110209765839;107
634;13168.7301503069;107
635;13235.110209765839;107
636;13235.110209765839;107
637;13235.110209765839;107
638;13204.945433344967;109
639;13235.110209765839;107
640;13045.529784801156;110
641;13235.110209765839;107
642;13404.740685895273;111
643;13166.045732979255;107
644;13175.041825117612;106
645;13235.110209765839;107
646;13202.284062313356;107
647;13235.110209765839;107
648;13235.110209765839;107
649;13180.394787758793;107
650;13194.575723959188;107
651;13258.376896377571;108
652;13344.132991270517;108
653;13235.110209765839;107
654;13235.110209765839;107
655;13198.305499470263;109
656;13140.642122592442;107
657;13235.110209765839;107
658;13213.819786535661;106
659;13344.132991270517;108
660;13235.110209765839;107
661;13323.971837254558;108
662;13192.129532311186;109
663;13235.110209765839;107
664;13192.800707807442;109
665;13207.651651359814;107
666;13134.486491523154;107
667;13191.003443491545;107
668;13146.496910228747;107
669;13136.519020697155;107
670;13207.81747035189;107
671;13150.114516807525;107
672;13127.95404490457;106
673;13352.838876950313;108
674;13235.110209765839;107
675;13213.324803338297;107
676;13235.110209765839;107
677;13235.110209765839;107
678;13235.110209765839;107
679;13210.811665458708;107
680;13138.111679776886;106
681;13235.110209765839;107
682;13211.579706780261;107
683;13235.110209765839;107
684;13277.186172034144;108
685;13235.110209765839;107
686;13235.110209765839;107
687;13286.783039261703;108
688;13235.110209765839;107
689;13235.110209765839;107
690;13235.110209765839;107
691;13330.74179989443;108
692;13410.542623093954;108
693;13235.110209765839;107
694;13235.110209765839;107
695;13235.110209765839;107
696;13192.129532311186;109
697;13250.459862721962;108
698;13235.110209765839;107
699;13235.110209765839;107
700;13216.832847297577;106
701;13318.666428622044;108
702;13286.437225585985;108
703;13177.514418050829;107
704;13235.110209765839;107
705;13380.829413695852;109
706;13235.110209765839;107
707;13323.350240035057;108
708;13352.039512036676;108
709;13487.767136987064;112
710;13124.525893345743;108
711;13327.096844340425;111
712;13351.08224332259;111
713;13487.767136987064;112
714;13487.767136987064;112
715;13515.030636767755;113
716;13199.17792777497;107
717;13113.883478376287;108
718;13471.298669729309;112
719;13487.767136987064;112
720;13313.003671769642;109
721;13528.178645820635;111
722;13298.826536031691;108
723;13277.74051260771;107
724;13205.595046317852;107
725;13277.74051260771;107
726;13277.74051260771;107
727;13081.245332544604;106
728;13277.74051260771;107
729;13354.801488553594;108
730;13261.739587050917;108
731;13273.8014080041;107
732;13319.63823270147;107
733;13119.847037328105;106
734;13268.107358483505;108
735;13196.422464628638;107
736;13387.826885528511;111
737;13277.74051260771;107
738;13411.448613751509;110
739;13166.688095527208;107
740;13135.769625515262;108
741;13277.74051260771;107
742;13395.676018971319;110
743;13277.74051260771;107
744;13219.584437206562;107
745;13277.74051260771;107
746;13277.74051260771;107
747;13277.74051260771;107
748;13141.485371295918;106
749;13277.74051260771;107
750;13166.688095527208;107
751;13277.74051260771;107
752;13277.74051260771;107
753;13270.329075383643;109
754;13383.038270078912;109
755;13137.55958478584;106
756;13336.035251330946;107
757;13145.66487144769;106
758;13257.894760476469;107
759;13089.544188799106;107
760;13257.788992085461;107
761;13105.887713334752;106
762;13277.74051260771;107
763;13203.519613496539;107
764;13277.74051260771;107
765;13259.29559637975;107
766;13277.74051260771;107
767;13277.74051260771;107
768;13277.74051260771;107
769;13277.74051260771;107
770;13143.33392125333;106
771;13055.495858125809;106
772;13277.74051260771;107
773;13219.780362188283;107
774;13277.74051260771;107
775;13277.74051260771;107
776;13317.46429176256;108
777;13162.574566620457;108
778;13137.619831897755;106
779;13258.011111386691;107
780;13162.605368073273;106
781;13277.74051260771;107
782;13277.74051260771;107
783;13414.048088583553;110
784;13413.109399583574;108
785;13292.222840004428;108
786;13282.512318272311;107
787;13148.68820483673;106
788;13277.74051260771;107
789;13145.990133622494;108
790;13277.74051260771;107
791;13277.74051260771;107
792;13277.74051260771;107
793;13222.222178357057;107
794;13277.74051260771;107
795;13271.160926589224;107
796;13277.74051260771;107
797;13325.375069665286;109
798;13268.828274281577;107
799;13277.74051260771;107
800;13277.74051260771;107
801;13277.74051260771;107
802;13277.74051260771;107
803;13421.277758434262;111
804;13277.74051260771;107
805;13277.74051260771;107
806;13302.46205440143;108
807;13363.927559642627;108
808;13251.574105368221;107
809;13277.74051260771;107
810;13277.74051260771;107
811;13277.74051260771;107
812;13277.74051260771;107
813;13277.74051260771;107
814;13277.74051260771;107
815;13480.835250357863;110
816;13301.188144909942;107
817;13277.74051260771;107
818;13277.74051260771;107
819;13402.319884050828;109
820;13277.74051260771;107
821;13277.74051260771;107
822;13297.073432846812;107
823;13222.086464480779;107
824;13428.152248035125;108
825;13277.74051260771;107
826;13088.779102921919;107
827;13277.74051260771;107
828;13158.442657655954;107
829;13282.152492494697;107
830;13300.700487907494;107
831;13277.74051260771;107
832;13277.74051260771;107
833;13277.74051260771;107
834;13203.846477953788;107
835;13070.505131233762;106
836;13067.299439789304;106
837;13217.516548596008;106
838;13188.918313624261;107
839;13122.836879082515;107
840;13248.48395502747;107
841;13277.74051260771;107
842;13268.083302115814;107
843;13261.442713920127;108
844;13277.74051260771;107
845;13287.321093005945;108
846;13277.74051260771;107
847;13277.74051260771;107
848;13197.49259624805;107
849;13277.74051260771;107
850;13287.321093005945;108
851;13088.079452313936;108
852;13166.979858164637;106
853;13277.74051260771;107
854;13133.533012690812;108
855;13277.74051260771;107
856;13122.836879082515;107
857;13327.799396042608;108
858;13288.31347132777;109
859;13118.79423592004;106
860;13277.74051260771;107
861;13137.611303263982;106
862;13222.086464480779;107
863;13170.074382613622;106
864;13272.957679487132;107
865;13141.374756831166;106
866;13232.006299174604;107
867;13472.142561245637;111
868;13551.713923243073;112
869;13463.976272659827;111
870;13364.298494005723;111
871;13380.419415831246;111
872;13326.61801603441;110
873;13272.247056706696;112
874;13352.7537286559;112
875;13338.317067828135;112
876;13309.70881511041;110
877;13343.341224936023;111
878;13545.64073449723;113
879;13104.819495844078;114
880;13541.188668975174;114
881;13497.031636315138;116
882;13548.717359376291;117
883;13578.018084674477;114
884;13425.589123018868;112
885;13371.180807333156;112
886;13272.497401095397;113
887;13455.089234245552;114
888;13461.067264571144;121
889;13248.759414432157;114
890;13252.799010746648;113
891;13405.144377500643;114
892;13430.64952081628;114
893;13707.695532016;116
894;13362.531295365026;111
895;13236.324732560148;115
896;13451.65193125731;116
897;13384.206615884897;115
898;13061.18133283407;114
899;13407.091558592134;118
900;13391.027650917224;112
901;13345.006173586653;113
902;13052.447648511124;106
903;13046.962632323637;106
904;13234.292059351576;108
905;13285.496923326826;109
906;13136.234267034533;107
907;13207.923290509536;106
908;13060.21131617085;106
909;13228.083577479494;106
910;13207.923290509536;106
911;13188.111028208226;106
912;13173.47692611092;106
913;13207.923290509536;106
914;13144.708098666999;106
915;13220.786886458347;107
916;13207.923290509536;106
917;13207.923290509536;106
918;13190.302421976752;106
919;13207.923290509536;106
920;13207.923290509536;106
921;13207.923290509536;106
922;13207.923290509536;106
923;13207.923290509536;106
924;13227.175201502983;106
925;13260.183709388852;107
926;13160.000763117212;108
927;13207.923290509536;106
928;13108.641598308095;106
929;13207.923290509536;106
930;13268.467015018246;107
931;13210.186335168122;109
932;13207.923290509536;106
933;13157.758308186665;106
934;13207.923290509536;106
935;13136.093724902745;106
936;13114.232134137479;106
937;13207.923290509536;106
938;13207.923290509536;106
939;13207.923290509536;106
940;13207.923290509536;106
941;13207.923290509536;106
942;13141.325771759766;106
943;13210.721068293513;106
944;13192.401860779113;106
945;13207.923290509536;106
946;13207.923290509536;106
947;13173.114183493859;106
948;13207.923290509536;106
949;13207.923290509536;106
950;13207.923290509536;106
951;13207.923290509536;106
952;13214.682285761679;106
953;13207.923290509536;106
954;13192.440093254967;106
955;13207.923290509536;106
956;13144.198069911403;106
957;13140.184364700119;106
958;13187.802401028659;106
959;13207.923290509536;106
960;13173.889062461503;106
961;13207.923290509536;106
962;13207.923290509536;106
963;13109.427290423877;106
964;13207.923290509536;106
965;13207.923290509536;106
966;13172.152527630236;106
967;13207.923290509536;106
968;13207.923290509536;106
969;13207.923290509536;106
970;13207.923290509536;106
971;13111.596553756284;106
972;13109.514181474555;106
973;13117.559990345067;106
974;13047.319928615261;106
975;13230.18949883446;106
976;13160.260403659338;107
977;13136.8667256078;106
978;13205.809990626421;106
979;13300.09586692476;108
980;13207.923290509536;106
981;13163.672045347563;106
982;13144.58693906097;108
983;13272.50133785557;108
984;13159.988516329015;106
985;13207.923290509536;106
986;13263.021518986394;108
987;13207.923290509536;106
988;13116.266401031286;106
989;13207.923290509536;106
990;13156.411651744294;106
991;13192.390081865038;106
992;13207.923290509536;106
993;13207.923290509536;106
994;13207.923290509536;106
995;13207.923290509536;106
996;13263.275127146742;106
997;13136.093724902745;106
998;13248.952831259328;107
999;13207.923290509536;106
1000;13204.844083701744;107
1001;13178.519281838524;107
1002;13207.923290509536;106
1003;13242.760542954718;106
1004;13153.453133499192;106
1005;13142.417423506846;106
1006;13207.923290509536;106
1007;13207.923290509536;106
1008;13163.628275785723;111
1009;13207.923290509536;106
1010;13201.507559149319;106
1011;13147.467607186885;107
1012;13207.923290509536;106
1013;13192.401860779113;106
1014;13327.569752541973;108
1015;13147.361284729048;106
1016;13207.923290509536;106
1017;13207.923290509536;106
1018;13228.135452851244;106
1019;13153.453133499192;106
1020;13207.923290509536;106
1021;13207.923290509536;106
1022;13206.767274650996;110
1023;13058.914944299817;106
1024;13115.63672732156;106
1025;13207.923290509536;106
1026;13117.288502300575;106
1027;13245.901805896963;109
1028;13207.923290509536;106
1029;13122.34012649755;106
1030;13207.923290509536;106
1031;13125.238336755656;106
1032;13192.449625238427;106
1033;13207.923290509536;106
1034;13228.757253124653;108
1035;13207.923290509536;106
1036;13207.923290509536;106
1037;13117.183833138357;106
1038;13207.923290509536;106
1039;13126.025881635203;106
1040;13207.923290509536;106
1041;13116.341255896363;106
1042;13207.923290509536;106
1043;13207.923290509536;106
1044;13207.923290509536;106
1045;13188.445206826225;106
1046;13207.923290509536;106
1047;13207.923290509536;106
1048;13207.923290509536;106
1049;13207.923290509536;106
1050;13182.73881294784;108
1051;13252.577353940596;106
1052;13207.923290509536;106
1053;13136.479023073942;106
1054;13159.649180459586;106
1055;13207.923290509536;106
1056;13153.773738870297;106
1057;13190.773576391732;106
1058;13192.443676434163;106
1059;13207.923290509536;106
1060;13207.923290509536;106
1061;13207.923290509536;106
1062;13187.820000200292;106
1063;13207.923290509536;106
1064;13207.923290509536;106
1065;13207.923290509536;106
1066;13207.923290509536;106
1067;13207.923290509536;106
1068;13144.575041458571;107
1069;13207.923290509536;106
1070;13194.291791047768;107
1071;13159.988516329015;106
1072;13093.333097976947;106
1073;13286.02747438165;107
1074;13207.923290509536;106
1075;13207.923290509536;106
1076;13153.636221069954;108
1077;13207.923290509536;106
1078;13207.923290509536;106
1079;13255.92848156173;107
1080;13196.313641115146;107
1081;13207.923290509536;106
1082;13188.07616899063;106
1083;13278.975443892517;107
1084;13207.923290509536;106
1085;13049.501493675913;106
1086;13132.417070854159;106
1087;13116.898500343343;106
1088;13207.923290509536;106
1089;13207.923290509536;106
1090;13106.131782206297;106
1091;13159.988516329015;106
1092;13132.417070854159;106
1093;13212.7152007019;107
1094;13119.053595866251;106
1095;13359.867644003678;111
1096;13323.101481919592;111
1097;13363.645932037381;110
1098;13374.587538037631;109
1099;13458.76283594675;111
1100;13245.740889032262;109
1101;13427.313512402467;110
1102;13290.352199163113;108
1103;13192.44860939281;106
1104;13207.923290509536;106
1105;13177.215379746724;106
1106;13272.415961084638;107
1107;13277.344401254433;107
1108;13207.923290509536;106
1109;13085.98138421442;107
1110;13207.923290509536;106
1111;13207.923290509536;106
1112;13207.923290509536;106
1113;13105.118436417511;106
1114;13172.57265510377;106
1115;13184.140162426998;107
1116;13158.324341460886;106
1117;13095.031478506693;108
1118;13137.880710618949;106
1119;13207.923290509536;106
1120;13207.923290509536;106
1121;13207.923290509536;106
1122;13207.923290509536;106
1123;13285.030315487778;106
1124;13173.889062461503;106
1125;13183.509239581128;106
1126;13207.923290509536;106
1127;13282.893125434412;107
1128;13207.923290509536;106
1129;13139.021801596613;107
1130;13207.923290509536;106
1131;13188.065344705426;106
1132;13243.853194784742;107
1133;13152.900785544478;106
1134;13031.989989134918;106
1135;13207.923290509536;106
1136;13207.923290509536;106
1137;13207.923290509536;106
1138;13216.299966658864;107
1139;13207.923290509536;106
1140;13207.923290509536;106
1141;13207.923290509536;106
1142;13207.923290509536;106
1143;13147.361284729048;106
1144;13184.981315578698;108
1145;13142.417423506846;106
1146;13207.923290509536;106
1147;13207.923290509536;106
1148;13187.10937830741;108
1149;13242.239310528905;107
1150;13207.923290509536;106
1151;13187.807762266344;106
1152;13141.841683076243;108
1153;13204.476738486184;108
1154;13207.691495077566;108
1155;13207.923290509536;106
1156;13047.319928615261;106
1157;13112.152770437418;106
1158;13207.923290509536;106
1159;13141.30305359929;106
1160;13207.923290509536;106
1161;13144.06060872564;106
1162;13207.923290509536;106
1163;13207.923290509536;106
1164;13020.011901936006;106
1165;13207.923290509536;106
1166;13150.193426886177;107
1167;13207.923290509536;106
1168;13199.48288240878;106
1169;13182.389951859306;106
1170;13125.010130224478;106
1171;13181.857625383002;107
1172;13207.923290509536;106
1173;13207.923290509536;106
1174;13207.923290509536;106
1175;13207.923290509536;106
1176;13221.162623254088;106
1177;13207.923290509536;106
1178;13207.923290509536;106
1179;13207.923290509536;106
1180;13200.511853285469;108
1181;13207.923290509536;106
1182;13078.17329573619;106
1183;13207.923290509536;106
1184;13207.923290509536;106
1185;13207.923290509536;106
1186;13336.560056069808;107
1187;13188.099927796686;106
1188;13157.705364574342;108
1189;13098.527154516858;105
1190;13207.923290509536;106
1191;13342.001932568606;107
1192;13207.923290509536;106
1193;13207.923290509536;106
1194;13207.923290509536;106
1195;13212.434412208499;106
1196;13207.923290509536;106
1197;13207.923290509536;106
1198;13207.923290509536;106
1199;13137.097781805172;106
1200;13207.923290509536;106
1201;13244.964706234075;106
1202;13207.923290509536;106
1203;13140.969953911936;106
1204;13207.923290509536;106
1205;13115.665875431958;106
1206;13158.588760858935;106
1207;13207.923290509536;106
1208;13196.549148116512;107
1209;13192.579991423972;106
1210;13207.923290509536;106
1211;13208.370556159018;107
1212;13271.242053997557;108
1213;13207.923290509536;106
1214;13189.71615847392;107
1215;13188.093156134588;106
1216;13207.923290509536;106
1217;13182.079378259843;108
1218;13190.804645464972;108
1219;13207.923290509536;106
1220;13207.923290509536;106
1221;13188.111028208226;106
1222;13320.97285202952;108
1223;13207.923290509536;106
1224;13207.923290509536;106
1225;13137.224667218754;106
1226;13207.923290509536;106
1227;13187.7961371393;106
1228;13207.923290509536;106
1229;13207.923290509536;106
1230;13207.923290509536;106
1231;13140.450688183639;106
1232;13192.449625238427;106
1233;13394.48110564971;111
1234;13308.863876068015;110
1235;13301.490914941633;109
1236;13363.645932037381;110
1237;13199.753485393197;106
1238;13354.532316865241;111
1239;13301.490914941633;109
1240;13363.645932037381;110
1241;13181.659529478049;106
1242;13196.30077074805;106
1243;13207.923290509536;106
1244;13207.923290509536;106
1245;13183.040229740966;107
1246;13207.923290509536;106
1247;13209.240225838792;106
1248;13182.105409233638;106
1249;13160.260403659338;107
1250;13207.923290509536;106
1251;13207.923290509536;106
1252;13153.773738870297;106
1253;13207.923290509536;106
1254;13211.74055990808;109
1255;13146.354467647274;106
1256;13262.612449203054;106
1257;13336.560056069808;107
1258;13207.923290509536;106
1259;13192.431249396612;106
1260;13207.923290509536;106
1261;13096.787329989276;109
1262;13114.806913825334;106
1263;13191.898705943762;106
1264;13207.923290509536;106
1265;13207.923290509536;106
1266;13207.923290509536;106
1267;13236.067662136858;107
1268;13165.013361872814;106
1269;13207.923290509536;106
1270;13188.099927796686;106
1271;13147.587045373686;106
1272;13207.923290509536;106
1273;13305.11696000652;107
1274;13207.923290509536;106
1275;13207.923290509536;106
1276;13183.923282562837;107
1277;13207.923290509536;106
1278;13150.073733532301;106
1279;13163.367636459809;106
1280;13138.620129091447;106
1281;13207.88216655615;106
1282;13207.923290509536;106
1283;13195.713187996347;106
1284;13207.923290509536;106
1285;13242.45716382338;107
1286;13192.431249396612;106
1287;13227.147806633446;107
1288;13207.923290509536;106
1289;13207.923290509536;106
1290;13180.20484833976;108
1291;13134.797472082542;106
1292;13249.050875835332;107
1293;13273.704602221596;107
1294;13207.923290509536;106
1295;13103.242773512575;107
1296;13235.85227054037;108
1297;13207.983203961832;106
1298;13191.625491821953;107
1299;13141.012227448387;106
1300;13207.923290509536;106
1301;13077.910850612194;106
1302;13184.505233017177;106
1303;13207.923290509536;106
1304;13207.923290509536;106
1305;13102.04956174049;108
1306;13182.839481053108;106
1307;13207.923290509536;106
1308;13207.923290509536;106
1309;13207.923290509536;106
1310;13207.923290509536;106
1311;13137.052101960726;106
1312;13188.757551193336;106
1313;13207.923290509536;106
1314;13187.769046451434;106
1315;13207.923290509536;106
1316;13207.923290509536;106
1317;13190.804645464972;108
1318;13342.455935142109;107
1319;13047.319928615261;106
1320;13207.923290509536;106
1321;13278.975443892517;107
1322;13207.923290509536;106
1323;13137.634022526352;106
1324;13228.135452851244;106
1325;13295.20860221291;109
1326;13216.299966658864;107
1327;13207.923290509536;106
1328;13207.923290509536;106
1329;13207.923290509536;106
1330;13152.227812932197;106
1331;13228.135452851244;106
1332;13207.923290509536;106
1333;13188.07616899063;106
1334;13207.923290509536;106
1335;13207.923290509536;106
1336;13207.923290509536;106
1337;13207.923290509536;106
1338;13207.923290509536;106
1339;13207.923290509536;106
1340;13207.923290509536;106
1341;13187.807762266344;106
1342;13201.218699377825;106
1343;13106.131782206297;106
1344;13190.804645464972;108
1345;13207.923290509536;106
1346;13152.227812932197;106
1347;13207.923290509536;106
1348;13151.280315532294;106
1349;13173.12877284796;106
1350;13207.923290509536;106
1351;13207.923290509536;106
1352;13207.923290509536;106
1353;13187.80172517825;106
1354;13207.923290509536;106
1355;13173.12877284796;106
1356;13192.401860779113;106
1357;13207.923290509536;106
1358;13207.923290509536;106
1359;13138.908193500769;106
1360;13207.923290509536;106
1361;13196.271920465006;106
1362;13123.600164687576;106
1363;13207.923290509536;106
1364;13207.923290509536;106
1365;13207.923290509536;106
1366;13230.862102090881;106
1367;13232.762437477195;108
1368;13192.452118142543;106
1369;13177.368133912927;106
1370;13207.923290509536;106
1371;13191.133528188335;108
1372;13253.777773064781;108
1373;13187.10937830741;108
1374;13340.991502400868;107
1375;13207.923290509536;106
1376;13241.825748537283;107
1377;13207.923290509536;106
1378;13132.35264933194;107
1379;13114.232134137479;106
1380;13207.923290509536;106
1381;13187.820000200292;106
1382;13251.593582507414;106
1383;13207.923290509536;106
1384;13306.571538132332;107
1385;13127.70179336407;106
1386;13158.50371235693;106
1387;13207.923290509536;106
1388;13191.898705943762;106
1389;13207.923290509536;106
1390;13207.923290509536;106
1391;13207.923290509536;106
1392;13228.084222482817;107
1393;13207.923290509536;106
1394;13148.859182392538;106
1395;13137.317991650762;106
1396;13167.777602424147;108
1397;13207.923290509536;106
1398;13159.649180459586;106
1399;13190.302421976752;106
1400;13089.262096221857;109
1401;13309.145929432345;108
1402;13207.923290509536;106
1403;13207.923290509536;106
1404;13207.923290509536;106
1405;13207.923290509536;106
1406;13207.923290509536;106
1407;13075.55587447476;106
1408;13171.118580213963;108
1409;13207.923290509536;106
1410;13117.398788951084;106
1411;13207.923290509536;106
1412;13306.541953597422;107
1413;13060.34544976289;108
1414;13058.914944299817;106
1415;13207.923290509536;106
1416;13289.04046935848;109
1417;13341.432357030135;110
1418;13323.29431714005;111
1419;13131.1095786803;107
1420;13341.991309797753;111
1421;13276.339916559386;109
1422;13440.314397986618;110
1423;13334.63392266098;110
1424;13390.650951789648;111
1425;13383.675434698045;117
1426;13239.66174712158;110
1427;13212.7152007019;107
1428;13297.181618412993;109
1429;13355.802291691685;111
1430;13348.260246060145;111
1431;13387.237060536967;111
1432;13365.59505700772;111
1433;13349.254489676377;113
1434;13292.430464997266;111
1435;12994.462007803791;109
1436;13307.83495533514;113
1437;13373.94675344302;112
1438;13389.309408498699;113
1439;13058.36396242975;111
1440;13355.973029206185;117
1441;13547.233318346092;113
1442;13195.57439511773;107
1443;13324.399390820772;111
1444;13390.59027087181;116
1445;13248.419324474753;112
1446;13506.274190787315;116
1447;13507.171795971857;112
1448;13366.08923829367;116
1449;13355.19147351423;115
1450;13352.830749839815;116
1451;13446.7393559569;117
1452;13398.766564123476;110
1453;13618.323895948377;111
1454;13507.764273452043;108
1455;13539.199501987032;109
1456;13507.764273452043;108
1457;13507.764273452043;108
1458;13454.08282493503;108
1459;13507.764273452043;108
1460;13496.362745929797;109
1461;13507.764273452043;108
1462;13502.65680639113;109
1463;13364.960272608088;108
1464;13411.101739768144;110
1465;13517.29164599845;109
1466;13376.228576718497;108
1467;13457.402523215564;108
1468;13457.402523215564;108
1469;13430.533918455132;108
1470;13382.942358027525;109
1471;13543.438978632912;109
1472;13457.402523215564;108
1473;13457.402523215564;108
1474;13457.402523215564;108
1475;13398.841480039311;108
1476;13457.402523215564;108
1477;13457.402523215564;108
1478;13455.221741002337;108
1479;13502.792126336633;109
1480;13427.998514544552;109
1481;13457.402523215564;108
1482;13457.402523215564;108
1483;13395.755377147289;108
1484;13457.402523215564;108
1485;13457.402523215564;108
1486;13374.312382011363;108
1487;13457.402523215564;108
1488;13457.402523215564;108
1489;13570.131079878176;111
1490;13521.86866318493;109
1491;13457.402523215564;108
1492;13457.402523215564;108
1493;13446.162271654444;108
1494;13531.510777962958;109
1495;13457.402523215564;108
1496;13457.402523215564;108
1497;13457.402523215564;108
1498;13457.402523215564;108
1499;13561.18995430055;109
1500;13457.402523215564;108
1501;13457.402523215564;108
1502;13457.402523215564;108
1503;13531.510777962958;109
1504;13428.976790353563;108
1505;13457.402523215564;108
1506;13436.588611013438;110
1507;13457.402523215564;108
1508;13457.402523215564;108
1509;13457.402523215564;108
1510;13457.402523215564;108
1511;13457.402523215564;108
1512;13551.50753928074;109
1513;13457.402523215564;108
1514;13457.402523215564;108
1515;13438.387738503952;108
1516;13457.402523215564;108
1517;13411.362577166832;108
1518;13455.172563439257;109
1519;13527.587597844496;111
1520;13483.257784008127;109
1521;13457.402523215564;108
1522;13457.402523215564;108
1523;13457.402523215564;108
1524;13384.34086962923;108
1525;13457.402523215564;108
1526;13457.402523215564;108
1527;13457.402523215564;108
1528;13504.454014128034;109
1529;13457.402523215564;108
1530;13457.402523215564;108
1531;13417.814222657025;109
1532;13393.945264535816;110
1533;13457.402523215564;108
1534;13372.549143811253;108
1535;13457.402523215564;108
1536;13457.402523215564;108
1537;13457.402523215564;108
1538;13457.402523215564;108
1539;13453.400226678055;108
1540;13499.712677219259;109
1541;13457.402523215564;108
1542;13457.402523215564;108
1543;13457.402523215564;108
1544;13457.402523215564;108
1545;13457.402523215564;108
1546;13457.402523215564;108
1547;13424.277587052642;110
1548;13457.402523215564;108
1549;13457.402523215564;108
1550;13457.402523215564;108
1551;13457.402523215564;108
1552;13457.402523215564;108
1553;13418.307720783232;108
1554;13457.402523215564;108
1555;13457.402523215564;108
1556;13457.402523215564;108
1557;13547.303294233374;109
1558;13457.402523215564;108
1559;13416.242055190258;108
1560;13457.402523215564;108
1561;13457.402523215564;108
1562;13410.637721439783;108
1563;13457.402523215564;108
1564;13457.402523215564;108
1565;13449.272410433709;109
1566;13457.402523215564;108
1567;13457.402523215564;108
1568;13391.626352850657;108
1569;13390.59100891681;108
1570;13425.026467793563;108
1571;13457.402523215564;108
1572;13436.895611607573;109
1573;13457.402523215564;108
1574;13457.402523215564;108
1575;13457.402523215564;108
1576;13447.969720389583;108
1577;13457.402523215564;108
1578;13457.402523215564;108
1579;13518.850462551676;109
1580;13462.630461948476;109
1581;13468.121295868477;108
1582;13467.638500112338;108
1583;13458.482729561672;108
1584;13457.402523215564;108
1585;13457.402523215564;108
1586;13427.367466556869;109
1587;13436.895611607573;109
1588;13448.647509907065;108
1589;13498.809676475992;108
1590;13457.402523215564;108
1591;13401.85467675308;111
1592;13457.402523215564;108
1593;13457.402523215564;108
1594;13457.402523215564;108
1595;13397.309641015952;108
1596;13427.063137940162;108
1597;13457.402523215564;108
1598;13457.402523215564;108
1599;13458.482729561672;108
1600;13457.402523215564;108
1601;13427.063137940162;108
1602;13457.402523215564;108
1603;13460.091662757946;108
1604;13457.402523215564;108
1605;13396.837082703216;109
1606;13555.107589811985;109
1607;13525.780796754581;109
1608;13478.453342820112;109
1609;13457.402523215564;108
1610;13457.402523215564;108
1611;13457.402523215564;108
1612;13413.415054123221;109
1613;13415.846350681588;108
1614;13420.59781291999;110
1615;13424.353813135976;108
1616;13437.565373199715;108
1617;13412.58763558279;108
1618;13376.093693764458;108
1619;13457.402523215564;108
1620;13541.731702467278;110
1621;13548.906538807858;109
1622;13454.893104987646;110
1623;13439.96787992124;108
1624;13504.454014128034;109
1625;13455.199635552819;109
1626;13437.541579344641;108
1627;13386.50760798256;109
1628;13457.402523215564;108
1629;13391.546418056363;109
1630;13630.30321853076;111
1631;13518.76010761833;110
1632;13447.494898438257;108
1633;13457.402523215564;108
1634;13483.257784008127;109
1635;13408.790865320138;110
1636;13457.402523215564;108
1637;13457.402523215564;108
1638;13469.502287360896;109
1639;13510.201812008982;111
1640;13457.402523215564;108
1641;13457.402523215564;108
1642;13457.402523215564;108
1643;13457.402523215564;108
1644;13457.402523215564;108
1645;13457.402523215564;108
1646;13452.9120753335;108
1647;13542.584098167554;112
1648;13392.723550789406;108
1649;13457.402523215564;108
1650;13457.402523215564;108
1651;13457.402523215564;108
1652;13532.464650047577;109
1653;13457.402523215564;108
1654;13369.349415761302;108
1655;13457.402523215564;108
1656;13519.62675670688;109
1657;13457.402523215564;108
1658;13457.402523215564;108
1659;13376.093693764458;108
1660;13457.402523215564;108
1661;13457.402523215564;108
1662;13418.307720783232;108
1663;13492.408547471628;109
1664;13442.465124855447;108
1665;13457.402523215564;108
1666;13418.307720783232;108
1667;13589.57895129859;110
1668;13460.78476258555;109
1669;13466.227182585686;109
1670;13457.402523215564;108
1671;13418.035625482189;110
1672;13383.508664240187;109
1673;13386.526930814092;108
1674;13457.402523215564;108
1675;13568.020116301452;111
1676;13457.402523215564;108
1677;13428.817155001445;110
1678;13466.477443400312;108
1679;13457.402523215564;108
1680;13457.402523215564;108
1681;13457.402523215564;108
1682;13507.355658025206;109
1683;13429.481247311884;109
1684;13457.402523215564;108
1685;13587.05846502921;110
1686;13457.402523215564;108
1687;13475.3241905419;109
1688;13372.953460086886;108
1689;13457.402523215564;108
1690;13457.402523215564;108
1691;13580.875118460212;109
1692;13457.402523215564;108
1693;13412.344706707097;108
1694;13457.402523215564;108
1695;13428.761419861856;108
1696;13457.402523215564;108
1697;13447.238761969713;108
1698;13457.402523215564;108
1699;13534.421238736704;110
1700;13530.270897062801;109
1701;13423.667519779294;108
1702;13517.019979236069;110
1703;13466.477033494293;108
1704;13457.402523215564;108
1705;13457.402523215564;108
1706;13457.402523215564;108
1707;13466.476535233654;108
1708;13449.991085991496;110
1709;13457.402523215564;108
1710;13457.402523215564;108
1711;13400.08088488676;109
1712;13540.767502621711;109
1713;13458.482729561672;108
1714;13486.565801822573;109
1715;13457.402523215564;108
1716;13457.402523215564;108
1717;13457.402523215564;108
1718;13445.114953689028;109
1719;13457.402523215564;108
1720;13411.79523637163;108
1721;13458.499105430694;108
1722;13457.402523215564;108
1723;13493.815282688016;108
1724;13412.344706707097;108
1725;13457.402523215564;108
1726;13514.857978713198;109
1727;13457.402523215564;108
1728;13520.369135049164;109
1729;13460.62182480639;108
1730;13457.402523215564;108
1731;13437.565373199715;108
1732;13426.21504986861;108
1733;13469.59605824261;110
1734;13437.568575812342;108
1735;13532.464650047577;109
1736;13457.402523215564;108
1737;13457.402523215564;108
1738;13601.54561416238;110
1739;13428.817155001445;110
1740;13457.402523215564;108
1741;13457.402523215564;108
1742;13530.270897062801;109
1743;13511.247070228641;109
1744;13457.402523215564;108
1745;13367.845993025972;109
1746;13457.402523215564;108
1747;13504.454014128034;109
1748;13397.718815040302;109
1749;13457.402523215564;108
1750;13457.402523215564;108
1751;13370.202288777018;108
1752;13497.570745464222;110
1753;13500.315827180058;110
1754;13467.407085251292;108
1755;13372.443316195442;108
1756;13457.402523215564;108
1757;13486.539347312522;108
1758;13392.436661724281;108
1759;13459.96310145849;108
1760;13460.091662757946;108
1761;13559.31544777938;109
1762;13370.578297847958;109
1763;13500.315827180058;110
1764;13535.334056913272;110
1765;13373.865170683166;110
1766;13397.718815040302;109
1767;13579.120025486007;110
1768;13500.315827180058;110
1769;13570.696775274879;111
1770;13602.692996433965;111
1771;13524.725216330644;111
1772;13457.402523215564;108
1773;13459.955151694316;108
1774;13480.069953623299;109
1775;13457.402523215564;108
1776;13483.137805802418;109
1777;13457.402523215564;108
1778;13530.734849401639;109
1779;13457.402523215564;108
1780;13457.402523215564;108
1781;13457.402523215564;108
1782;13604.11452837254;110
1783;13457.402523215564;108
1784;13483.257784008127;109
1785;13358.027886800957;108
1786;13457.402523215564;108
1787;13457.402523215564;108
1788;13391.531753548876;108
1789;13503.209052126487;108
1790;13511.039977090602;109
1791;13457.402523215564;108
1792;13437.568575812342;108
1793;13466.224361421553;109
1794;13531.132780991058;110
1795;13457.402523215564;108
1796;13391.890480300313;108
1797;13452.837397637222;108
1798;13494.61929931966;110
1799;13466.943562630378;108
1800;13532.464650047577;109
1801;13418.307720783232;108
1802;13439.967244804075;108
1803;13433.431116203294;108
1804;13457.402523215564;108
1805;13439.452589816616;109
1806;13457.402523215564;108
1807;13457.402523215564;108
1808;13403.475778868347;108
1809;13420.613015451037;108
1810;13520.369135049164;109
1811;13457.402523215564;108
1812;13456.853141314286;109
1813;13457.402523215564;108
1814;13457.402523215564;108
1815;13457.402523215564;108
1816;13543.438978632912;109
1817;13411.362577166832;108
1818;13426.841098058656;109
1819;13457.402523215564;108
1820;13512.436499234704;109
1821;13457.402523215564;108
1822;13438.81476123722;109
1823;13457.402523215564;108
1824;13446.22688642441;108
1825;13457.402523215564;108
1826;13457.402523215564;108
1827;13457.402523215564;108
1828;13473.7157096477;109
1829;13399.042955104302;108
1830;13457.402523215564;108
1831;13478.198176706303;109
1832;13457.402523215564;108
1833;13326.795743520974;110
1834;13532.464650047577;109
1835;13442.104560763612;108
1836;13364.480732389316;108
1837;13466.383674409348;110
1838;13546.051114187287;109
1839;13457.402523215564;108
1840;13457.402523215564;108
1841;13447.537732965166;107
1842;13507.764273452043;108
1843;13342.437694207116;108
1844;13457.402523215564;108
1845;13451.220138163946;108
1846;13391.531753548876;108
1847;13418.035625482189;110
1848;13457.402523215564;108
1849;13473.7157096477;109
1850;13457.402523215564;108
1851;13457.402523215564;108
1852;13539.867196368792;110
1853;13573.143877336606;111
1854;13500.315827180058;110
1855;13460.637497871478;109
1856;13491.501822974467;109
1857;13376.093693764458;108
1858;13457.402523215564;108
1859;13457.402523215564;108
1860;13457.402523215564;108
1861;13513.024220359943;109
1862;13395.949930458892;110
1863;13424.265630130672;108
1864;13467.407085251292;108
1865;13301.927598937395;107
1866;13542.609702992577;113
1867;13539.3385484569;109
1868;13547.817998653067;110
1869;13376.013313324293;108
1870;13455.04165931437;109
1871;13438.126406395128;109
1872;13453.884970778377;109
1873;13506.030451240067;111
1874;13376.093693764458;108
1875;13630.30321853076;111
1876;13500.207446973916;111
1877;13500.315827180058;110
1878;13467.407085251292;108
1879;13418.307720783232;108
1880;13446.756000215993;108
1881;13398.79739863785;108
1882;13451.643680926787;108
1883;13477.143816152136;110
1884;13457.402523215564;108
1885;13492.820938649102;109
1886;13408.328442478054;110
1887;13516.242430288095;113
1888;13493.194669423247;115
1889;13604.891944643197;113
1890;13454.652805380487;111
1891;13551.476526556442;110
1892;13581.480669409664;109
1893;13453.884970778377;109
1894;13618.84631694617;109
1895;13515.409981346069;109
1896;13361.635860503402;108
1897;13504.043587043276;110
1898;13516.069958104923;110
1899;13463.455859954094;109
1900;13457.402523215564;108
1901;13457.402523215564;108
1902;13437.515480557793;108
1903;13450.849034734889;109
1904;13457.402523215564;108
1905;13457.402523215564;108
1906;13303.425035362437;108
1907;13457.402523215564;108
1908;13457.402523215564;108
1909;13457.402523215564;108
1910;13432.519462446993;109
1911;13512.271737999226;109
1912;13435.914254910465;110
1913;13457.402523215564;108
1914;13460.220083242435;109
1915;13457.402523215564;108
1916;13466.476535233654;108
1917;13412.344706707097;108
1918;13460.091662757946;108
1919;13437.557706005418;108
1920;13456.141746192663;109
1921;13571.56493241152;109
1922;13466.436564394795;108
1923;13441.779202507976;108
1924;13440.727731840198;108
1925;13550.995208252121;111
1926;13457.402523215564;108
1927;13457.402523215564;108
1928;13360.488212385388;108
1929;13427.091736489001;108
1930;13457.402523215564;108
1931;13457.402523215564;108
1932;13457.402523215564;108
1933;13457.402523215564;108
1934;13388.165350168265;110
1935;13457.402523215564;108
1936;13457.402523215564;108
1937;13467.721460373732;109
1938;13524.918545847762;109
1939;13374.170117697482;108
1940;13457.402523215564;108
1941;13385.727922377593;108
1942;13457.402523215564;108
1943;13563.9830229003;109
1944;13457.402523215564;108
1945;13457.402523215564;108
1946;13448.647509907065;108
1947;13457.402523215564;108
1948;13457.402523215564;108
1949;13514.701322896404;109
1950;13439.96787992124;108
1951;13457.402523215564;108
1952;13457.402523215564;108
1953;13530.270897062801;109
1954;13457.402523215564;108
1955;13375.566127975439;108
1956;13457.402523215564;108
1957;13457.402523215564;108
1958;13437.565373199715;108
1959;13457.402523215564;108
1960;13589.577876558767;110
1961;13433.431116203294;108
1962;13358.027886800957;108
1963;13457.402523215564;108
1964;13534.359654479913;109
1965;13435.570240418994;108
1966;13474.536256777217;110
1967;13457.402523215564;108
1968;13397.221524189164;108
1969;13465.986484535571;108
1970;13453.400226678055;108
1971;13438.415125807927;108
1972;13457.402523215564;108
1973;13457.402523215564;108
1974;13457.402523215564;108
1975;13457.402523215564;108
1976;13428.976790353563;108
1977;13589.57895129859;110
1978;13457.402523215564;108
1979;13457.402523215564;108
1980;13429.373676846872;108
1981;13606.27654570477;109
1982;13457.402523215564;108
1983;13560.706183711978;113
1984;13457.402523215564;108
1985;13416.242055190258;108
1986;13457.402523215564;108
1987;13479.958105030093;110
1988;13453.400226678055;108
1989;13510.217157908808;112
1990;13457.402523215564;108
1991;13457.402523215564;108
1992;13457.402523215564;108
1993;13455.09855305241;109
1994;13457.402523215564;108
1995;13418.035625482189;110
1996;13457.402523215564;108
1997;13439.966818744362;108
1998;13457.402523215564;108
1999;13372.291065846654;111
2000;13450.956055609997;108
2001;13572.188058081038;112
2002;13366.310743480408;112
2003;13457.402523215564;108
2004;13568.020116301452;111
2005;13456.46835499456;108
2006;13457.402523215564;108
2007;13418.035625482189;110
2008;13450.776851526609;108
2009;13502.662313974091;110
2010;13538.01492820994;109
2011;13457.402523215564;108
2012;13457.402523215564;108
2013;13375.858652897274;109
2014;13457.402523215564;108
2015;13457.402523215564;108
2016;13457.402523215564;108
2017;13457.402523215564;108
2018;13457.402523215564;108
2019;13325.69165370552;109
2020;13389.3003106598;109
2021;13457.402523215564;108
2022;13456.525410551732;111
2023;13455.09855305241;109
2024;13531.314238207931;109
2025;13457.402523215564;108
2026;13426.05791994228;110
2027;13466.477443400312;108
2028;13457.402523215564;108
2029;13443.980661749589;109
2030;13457.402523215564;108
2031;13457.402523215564;108
2032;13457.402523215564;108
2033;13500.470660159746;109
2034;13466.005112805651;109
2035;13457.402523215564;108
2036;13457.402523215564;108
2037;13457.402523215564;108
2038;13457.402523215564;108
2039;13464.303333537628;110
2040;13397.718815040302;109
2041;13457.402523215564;108
2042;13420.613015451037;108
2043;13457.402523215564;108
2044;13457.402523215564;108
2045;13457.402523215564;108
2046;13457.402523215564;108
2047;13457.402523215564;108
2048;13424.277587052642;110
2049;13415.799807037318;108
2050;13415.305314652674;110
2051;13456.141746192663;109
2052;13361.635860503402;108
2053;13444.238091537756;108
2054;13419.422533448254;108
2055;13552.985305781605;111
2056;13457.402523215564;108
2057;13470.5226332286;110
2058;13482.307282413727;109
2059;13349.835342072269;109
2060;13385.321068213445;108
2061;13457.402523215564;108
2062;13453.400226678055;108
2063;13457.402523215564;108
2064;13457.402523215564;108
2065;13466.943562630378;108
2066;13436.1192268548;108
2067;13403.347003226208;111
2068;13391.867122536483;109
2069;13459.949801923913;108
2070;13466.477443400312;108
2071;13378.808672228495;109
2072;13457.402523215564;108
2073;13390.259416086457;110
2074;13447.537732965166;107
2075;13457.402523215564;108
2076;13505.555608079536;109
2077;13457.402523215564;108
2078;13457.402523215564;108
2079;13437.549865360766;108
2080;13447.46475097327;107
2081;13457.402523215564;108
2082;13457.402523215564;108
2083;13424.277587052642;110
2084;13446.162271654444;108
2085;13397.718815040302;109
2086;13512.167323185602;110
2087;13467.638500112338;108
2088;13448.647509907065;108
2089;13440.229417643808;108
2090;13580.3366882304;110
2091;13351.975148762862;108
2092;13502.405139689794;110
2093;13457.402523215564;108
2094;13457.402523215564;108
2095;13424.373780250971;110
2096;13457.402523215564;108
2097;13457.402523215564;108
2098;13387.697278432546;108
2099;13586.326142826209;111
2100;13617.820447367534;113
2101;13387.450655400035;114
2102;13457.402523215564;108
2103;13446.162271654444;108
2104;13457.402523215564;108
2105;13543.841308797244;109
2106;13411.87096781532;111
2107;13440.229417643808;108
2108;13457.402523215564;108
2109;13457.402523215564;108
2110;13457.402523215564;108
2111;13457.402523215564;108
2112;13457.402523215564;108
2113;13457.402523215564;108
2114;13534.359654479913;109
2115;13457.402523215564;108
2116;13457.402523215564;108
2117;13457.402523215564;108
2118;13457.402523215564;108
2119;13416.090988710557;108
2120;13601.206571713905;111
2121;13494.319822487781;110
2122;13457.402523215564;108
2123;13446.255350169151;108
2124;13457.402523215564;108
2125;13457.402523215564;108
2126;13457.402523215564;108
2127;13457.402523215564;108
2128;13457.402523215564;108
2129;13457.402523215564;108
2130;13411.990017526106;111
2131;13457.402523215564;108
2132;13389.124638790789;109
2133;13457.402523215564;108
2134;13457.402523215564;108
2135;13440.229417643808;108
2136;13568.020116301452;111
2137;13545.236311474839;109
2138;13411.87096781532;111
2139;13457.402523215564;108
2140;13387.697278432546;108
2141;13504.043587043276;110
2142;13459.968264686673;108
2143;13385.727922377593;108
2144;13465.003652300868;110
2145;13457.402523215564;108
2146;13354.547412357404;108
2147;13400.37972800969;109
2148;13508.70212934439;111
2149;13532.671372156397;110
2150;13500.315827180058;110
2151;13275.065697396813;109
2152;13358.47139427313;109
2153;13425.51340920231;110
2154;13342.136241882718;110
2155;13389.64013509847;111
2156;13273.14421751641;109
2157;13229.928286386355;109
2158;13556.85346970433;113
2159;13573.86405887272;113
2160;13490.918960287885;112
2161;13365.16571790916;110
2162;13259.07414645533;109
2163;13296.388704031693;108
2164;13382.105590514237;111
2165;13376.361133833294;110
2166;13301.910347520303;110
2167;13353.050076532596;108
2168;13392.396552568958;108
2169;13413.013555889976;108
2170;13353.86700195277;107
2171;13365.879691331176;106
2172;13365.879691331176;106
2173;13449.133434556083;107
2174;13365.879691331176;106
2175;13365.879691331176;106
2176;13280.749491821445;106
2177;13365.879691331176;106
2178;13365.879691331176;106
2179;13365.879691331176;106
2180;13365.879691331176;106
2181;13365.879691331176;106
2182;13365.879691331176;106
2183;13365.879691331176;106
2184;13365.879691331176;106
2185;13365.879691331176;106
2186;13365.879691331176;106
2187;13312.481533293883;106
2188;13453.750095094998;108
2189;13265.871772073857;106
2190;13433.374726495189;110
2191;13365.879691331176;106
2192;13412.399165176193;108
2193;13452.561073053243;109
2194;13365.879691331176;106
2195;13395.832667628969;107
2196;13365.879691331176;106
2197;13396.885061992898;108
2198;13257.335502722206;106
2199;13340.591645358452;107
2200;13433.374726495189;110
2201;13311.284991149725;109
2202;13365.879691331176;106
2203;13365.879691331176;106
2204;13257.257682753037;106
2205;13365.879691331176;106
2206;13365.879691331176;106
2207;13365.879691331176;106
2208;13365.879691331176;106
2209;13433.374726495189;110
2210;13365.879691331176;106
2211;13365.879691331176;106
2212;13484.472200237087;110
2213;13295.580266359446;106
2214;13365.879691331176;106
2215;13267.825193719875;106
2216;13365.879691331176;106
2217;13449.133434556083;107
2218;13365.879691331176;106
2219;13365.879691331176;106
2220;13365.879691331176;106
2221;13365.879691331176;106
2222;13302.812356523204;107
2223;13365.879691331176;106
2224;13322.974581095044;108
2225;13365.879691331176;106
2226;13365.879691331176;106
2227;13425.563981160256;108
2228;13394.536877000872;108
2229;13365.879691331176;106
2230;13365.879691331176;106
2231;13365.879691331176;106
2232;13349.219503475497;109
2233;13453.750095094998;108
2234;13310.251299720096;106
2235;13377.42385451071;107
2236;13365.879691331176;106
2237;13400.9880271307;107
2238;13365.879691331176;106
2239;13365.879691331176;106
2240;13365.879691331176;106
2241;13365.879691331176;106
2242;13365.879691331176;106
2243;13365.879691331176;106
2244;13365.879691331176;106
2245;13365.879691331176;106
2246;13296.095822605028;106
2247;13365.879691331176;106
2248;13388.813903454204;108
2249;13365.879691331176;106
2250;13321.496348519911;108
2251;13365.879691331176;106
2252;13362.031859588451;108
2253;13365.879691331176;106
2254;13368.272676216553;108
2255;13365.879691331176;106
2256;13542.139421274358;110
2257;13346.545043758133;108
2258;13319.426967472951;110
2259;13296.044786766179;107
2260;13445.891316316156;107
2261;13335.076261414346;106
2262;13402.025945904523;107
2263;13264.24191683246;106
2264;13304.001899677482;108
2265;13365.879691331176;106
2266;13365.879691331176;106
2267;13295.238283492414;106
2268;13365.879691331176;106
2269;13365.879691331176;106
2270;13365.879691331176;106
2271;13467.947752046997;108
2272;13301.876617981188;106
2273;13365.879691331176;106
2274;13365.879691331176;106
2275;13365.879691331176;106
2276;13365.879691331176;106
2277;13332.199073737627;108
2278;13152.94574864167;106
2279;13365.879691331176;106
2280;13393.747067774719;108
2281;13328.264042611816;108
2282;13478.662276956384;109
2283;13381.820134727095;108
2284;13318.915713782757;108
2285;13478.662276956384;109
2286;13328.264042611816;108
2287;13377.959224195947;107
2288;13293.375348722366;106
2289;13296.103398790196;106
2290;13365.879691331176;106
2291;13273.449596031083;106
2292;13302.091521960192;107
2293;13345.879929220435;106
2294;13287.723876345746;108
2295;13396.690085399841;109
2296;13411.186425363892;107
2297;13365.879691331176;106
2298;13294.942166274588;106
2299;13392.07120671084;108
2300;13428.140929486919;107
2301;13281.003092237119;106
2302;13302.438985363893;106
2303;13312.481533293883;106
2304;13319.34575854844;108
2305;13434.256115135466;107
2306;13365.879691331176;106
2307;13542.139421274358;110
2308;13320.489718954615;108
2309;13293.313573218129;106
2310;13365.879691331176;106
2311;13358.084356471689;107
2312;13392.94654211821;108
2313;13365.879691331176;106
2314;13365.879691331176;106
2315;13343.539256972024;108
2316;13365.879691331176;106
2317;13365.879691331176;106
2318;13365.879691331176;106
2319;13362.606536064857;107
2320;13320.489718954615;108
2321;13283.614355344374;107
2322;13365.879691331176;106
2323;13345.879898278092;106
2324;13313.073247041391;108
2325;13365.879691331176;106
2326;13362.606536064857;107
2327;13365.879691331176;106
2328;13277.896919436342;106
2329;13412.46442888855;108
2330;13286.199515246231;108
2331;13244.42975422392;108
2332;13365.879691331176;106
2333;13373.575007544812;109
2334;13347.292929736166;109
2335;13359.2987588923;110
2336;13384.55295094167;109
2337;13281.267119391578;109
2338;13275.851982813774;111
2339;13296.104581675796;111
2340;13275.851982813774;111
2341;13275.851982813774;111
2342;13232.079388221922;111
2343;13336.000094182491;115
2344;13446.777668137778;110
2345;13430.484524098494;112
2346;13371.362427828457;109
2347;13500.315827180058;110
2348;13595.440324328765;111
2349;13481.255960539544;110
2350;13487.353796841271;110
2351;13516.783059471743;109
2352;13510.592031632183;109
2353;13297.365666865433;108
2354;13358.47139427313;109
2355;13293.766526323763;109
2356;13259.038141725563;108
2357;13393.837888386115;109
2358;13397.719068173246;110
2359;13543.473705943272;109
2360;13493.945876828493;111
2361;13214.041101864146;110
2362;13577.218615719226;119
2363;13452.8649431361;111
2364;13208.003347541986;109
2365;13345.413641087725;111
2366;13502.92100242849;118
2367;13343.05418527168;118
2368;13284.355268631503;118
2369;13548.644322718215;116
2370;13539.351776517688;117
2371;13402.860051275313;115
2372;13416.717150178247;114
2373;13007.743668072775;129
2374;13301.03884070592;109
2375;13336.243833525774;112
2376;13239.857553157151;115
2377;13246.392727372711;112
2378;13285.263355572291;119
2379;13339.796415940444;111
2380;13274.493262816848;109
2381;13435.24041111778;108
2382;13478.359575517783;111
2383;13561.87906405521;111
2384;13483.526350922564;111
2385;13288.798729693792;111
2386;13386.92930309376;111
2387;13432.65821749228;111
2388;13395.096267402525;109
2389;13615.257492029688;111
2390;13445.070546769914;108
2391;13310.978024017579;108
2392;13401.227683012457;110
2393;13427.34547919611;108
2394;13310.978024017579;108
2395;13372.83833564833;108
2396;13333.190289863944;109
2397;13349.465286369228;110
2398;13329.124314508832;110
2399;13475.695434638636;108
2400;13069.407145253654;105
2401;13433.430205365174;107
2402;13404.656538188965;107
2403;13274.392387258333;108
2404;13404.656538188965;107
2405;13248.886761643445;106
2406;13378.387664949967;107
2407;13092.162598490824;108
2408;13404.656538188965;107
2409;13454.816331356948;108
2410;13406.73297111358;109
2411;13351.631870573421;109
2412;13351.631870573421;109
2413;13503.383600009629;112
2414;13375.336575279534;110
2415;13351.631870573421;109
2416;13351.631870573421;109
2417;13403.231587904274;108
2418;13376.771494781819;109
2419;13383.714470876803;112
2420;13403.231587904274;108
2421;13485.533587787111;109
2422;13383.387498681142;108
2423;13405.52153314015;110
2424;13343.738589994176;110
2425;13345.78679965588;109
2426;13403.231587904274;108
2427;13345.480187846511;109
2428;13403.231587904274;108
2429;13506.790617545113;109
2430;13403.231587904274;108
2431;13403.231587904274;108
2432;13453.121203417108;111
2433;13323.584208119306;115
2434;13392.680946527784;113
2435;13245.334516334722;109
2436;13325.175040461501;111
2437;13254.418516515938;108
2438;13476.501249841325;110
2439;13313.690419782988;109
2440;13548.133511460139;119
2441;13344.006248685633;112
2442;13373.806442200732;112
2443;13215.756052986584;113
2444;13327.772709502631;111
2445;13374.085327815386;111
2446;13284.608694987108;113
2447;13289.542867124874;114
2448;13358.065898990872;114
2449;13210.330576400129;114
2450;13443.078243215867;120
2451;13593.780017558709;124
2452;13370.485325085818;119
2453;13362.144491116354;116
2454;13427.207227890285;120
2455;13315.262219107579;118
2456;13209.656630619445;115
2457;13431.464590528072;116
2458;13530.244612159415;114
2459;13507.354286083157;121
2460;13571.016346923823;126
2461;13151.286971739419;122
2462;12518.571009517898;117
2463;12717.914462032431;112
2464;13175.598843738679;116
2465;13105.689220788101;114
2466;12778.013999647705;110
2467;13512.032437815213;115
2468;13407.222994182357;116
2469;13124.751644252321;120
2470;13263.502453614396;120
2471;13226.802443004373;118
2472;13166.999426601846;114
2473;13731.517675916419;119
2474;13432.466927404805;113
2475;13368.37987050321;113
2476;12849.794565276778;105
2477;13222.87979312691;109
2478;13154.990851517989;106
2479;13096.948153344612;106
2480;13389.794389481707;106
2481;13166.891389506443;107
2482;13389.794389481707;106
2483;13389.794389481707;106
2484;13389.794389481707;106
2485;13389.794389481707;106
2486;13389.794389481707;106
2487;13389.794389481707;106
2488;13389.794389481707;106
2489;13389.794389481707;106
2490;13389.794389481707;106
2491;13355.186010072406;106
2492;13313.53666819786;106
2493;13363.97844637209;106
2494;13389.794389481707;106
2495;13268.883558721356;106
2496;13389.794389481707;106
2497;13163.011834860745;105
2498;13351.453670828363;106
2499;13389.794389481707;106
2500;13389.794389481707;106
2501;13389.794389481707;106
2502;13122.665112902574;105
2503;13297.199673774312;106
2504;13404.817445166465;107
2505;13389.794389481707;106
2506;13389.794389481707;106
2507;13371.348362556522;106
2508;13389.794389481707;106
2509;13389.794389481707;106
2510;13389.794389481707;106
2511;13389.794389481707;106
2512;13389.794389481707;106
2513;13170.925876926845;105
2514;13389.794389481707;106
2515;13158.919384358764;105
2516;13389.794389481707;106
2517;13389.794389481707;106
2518;13389.794389481707;106
2519;13389.794389481707;106
2520;13389.794389481707;106
2521;13259.02985648256;108
2522;13371.37335174266;106
2523;13170.00429377871;105
2524;13389.794389481707;106
2525;13307.044086219019;106
2526;13377.849082920926;106
2527;13411.688819892286;107
2528;13248.044104529015;105
2529;13332.922958187724;106
2530;13275.724410438832;106
2531;13389.794389481707;106
2532;13389.794389481707;106
2533;13389.794389481707;106
2534;13389.794389481707;106
2535;13389.794389481707;106
2536;13378.963775260683;106
2537;13389.794389481707;106
2538;13163.625807885715;105
2539;13264.940809294032;106
2540;13363.630692726712;107
2541;13389.794389481707;106
2542;13389.794389481707;106
2543;13218.369243733323;106
2544;13389.794389481707;106
2545;13277.873065738608;107
2546;13389.794389481707;106
2547;13389.794389481707;106
2548;13389.794389481707;106
2549;13389.794389481707;106
2550;13389.794389481707;106
2551;13371.37335174266;106
2552;13389.794389481707;106
2553;13208.930297990742;105
2554;13389.794389481707;106
2555;13389.794389481707;106
2556;13341.35868223929;107
2557;13389.794389481707;106
2558;13453.978801790008;107
2559;13389.794389481707;106
2560;13371.348362556522;106
2561;13354.686031264984;106
2562;13389.794389481707;106
2563;13389.794389481707;106
2564;13349.683234270447;106
2565;13389.794389481707;106
2566;13346.456818274683;107
2567;13307.827837863751;106
2568;13164.018224011574;105
2569;13352.839061500363;106
2570;13407.268231356802;108
2571;13325.729785590729;108
2572;13389.794389481707;106
2573;13376.160579745207;108
2574;13389.794389481707;106
2575;13389.794389481707;106
2576;13307.319134206551;106
2577;13242.267526723383;106
2578;13267.033713191704;106
2579;13389.794389481707;106
2580;13435.862627314578;109
2581;13389.794389481707;106
2582;13327.74199303303;107
2583;13063.739176584942;105
2584;13281.227696583848;106
2585;13389.794389481707;106
2586;13389.794389481707;106
2587;13370.02855689178;106
2588;13389.794389481707;106
2589;13389.794389481707;106
2590;13319.253634896337;106
2591;13308.995605741806;107
2592;13389.794389481707;106
2593;13389.794389481707;106
2594;13399.385014521456;106
2595;13368.112406866125;106
2596;13371.369842234008;106
2597;13270.031773596227;108
2598;13353.563242829841;108
2599;13348.766304731007;106
2600;13271.166576087799;107
2601;13104.493596208576;105
2602;13389.794389481707;106
2603;13160.246933427905;105
2604;13138.647759641493;105
2605;13389.794389481707;106
2606;13389.794389481707;106
2607;13385.306120615805;106
2608;13389.794389481707;106
2609;13389.794389481707;106
2610;13389.794389481707;106
2611;13383.404235618118;108
2612;13382.2552203515;108
2613;13267.087716685539;106
2614;13389.794389481707;106
2615;13332.802963272732;106
2616;13047.62539078914;105
2617;13389.794389481707;106
2618;13248.044104529015;105
2619;13389.794389481707;106
2620;13219.941194357172;108
2621;13389.794389481707;106
2622;13389.794389481707;106
2623;13389.794389481707;106
2624;13389.794389481707;106
2625;13372.952424843894;106
2626;13235.71752216642;106
2627;13389.794389481707;106
2628;13170.00429377871;105
2629;13298.404441845209;108
2630;13121.445171994617;107
2631;13114.49329983645;105
2632;13389.794389481707;106
2633;13252.78754075738;106
2634;13399.385014521456;106
2635;13209.080345322398;106
2636;13365.664141373201;106
2637;13389.794389481707;106
2638;13369.627900738858;106
2639;13310.736191301736;107
2640;13389.794389481707;106
2641;13389.794389481707;106
2642;13389.794389481707;106
2643;13162.119642752412;105
2644;13407.268231356802;108
2645;13389.794389481707;106
2646;13389.794389481707;106
2647;13249.329052237055;106
2648;13389.794389481707;106
2649;13389.794389481707;106
2650;13370.037272728281;106
2651;13264.546869380014;106
2652;13142.718807575597;105
2653;13389.794389481707;106
2654;13137.108566900233;105
2655;13264.546869380014;106
2656;13326.766595359748;106
2657;13389.794389481707;106
2658;13389.794389481707;106
2659;13389.794389481707;106
2660;13413.562856561708;107
2661;13389.794389481707;106
2662;13389.794389481707;106
2663;13370.037272728281;106
2664;13231.949291262585;106
2665;13277.582013153668;108
2666;13235.729055451022;106
2667;13173.63844481373;109
2668;13222.222178357057;107
2669;13108.320736745;111
2670;13203.668456559604;107
2671;13069.19334257356;107
2672;13222.222178357057;107
2673;13109.10140255244;108
2674;13224.222079029683;107
2675;13222.222178357057;107
2676;13256.09282653624;108
2677;13223.051602325006;108
2678;13098.682392775036;106
2679;13505.70351622114;111
2680;13259.423617035543;108
2681;13413.887945767892;111
2682;13206.937801946837;107
2683;13378.02735369726;110
2684;13041.029928772017;107
2685;13258.260036488351;107
2686;13222.222178357057;107
2687;13104.290133511811;106
2688;13283.42372427342;108
2689;13222.222178357057;107
2690;13222.222178357057;107
2691;13222.222178357057;107
2692;13222.222178357057;107
2693;13315.882856469114;109
2694;13222.222178357057;107
2695;13285.080087878378;110
2696;13204.120175524433;107
2697;13222.222178357057;107
2698;13348.185256943552;108
2699;13223.051602325006;108
2700;13104.559925344402;107
2701;13135.45095904476;107
2702;13222.222178357057;107
2703;13313.775387871057;108
2704;13209.934608830521;108
2705;13222.222178357057;107
2706;13125.913243443974;106
2707;13012.475279260883;106
2708;13222.222178357057;107
2709;13222.222178357057;107
2710;13098.682392775036;106
2711;13207.205768716281;107
2712;13222.222178357057;107
2713;13128.578838047382;107
2714;13154.59450003145;106
2715;13222.222178357057;107
2716;13222.222178357057;107
2717;13222.222178357057;107
2718;13214.283253927963;109
2719;13222.222178357057;107
2720;13222.222178357057;107
2721;13174.103758855677;106
2722;13123.989918697911;107
2723;13245.453363028219;108
2724;13097.006464525908;107
2725;13222.222178357057;107
2726;13222.222178357057;107
2727;13098.682392775036;106
2728;13107.061582115442;106
2729;13129.014755303462;107
2730;13139.079664003588;107
2731;13194.567728658956;109
2732;13116.950943772586;108
2733;13464.756669163886;111
2734;13483.89147099269;110
2735;13350.46750576885;109
2736;13432.157456674246;110
2737;13222.222178357057;107
2738;13204.099721793344;107
2739;13222.222178357057;107
2740;13117.627745228032;107
2741;13222.222178357057;107
2742;13222.222178357057;107
2743;13192.431715655097;107
2744;13135.131436944679;107
2745;13222.222178357057;107
2746;13234.060938865958;107
2747;13222.222178357057;107
2748;13251.846522318056;110
2749;13276.168560012344;108
2750;13103.775202662642;106
2751;13036.767253075473;106
2752;13222.222178357057;107
2753;13222.222178357057;107
2754;13222.222178357057;107
2755;13134.875628256576;106
2756;13203.73977305881;107
2757;13152.431859393795;107
2758;13204.217206591344;107
2759;13222.222178357057;107
2760;13222.222178357057;107
2761;13148.977806401117;109
2762;13222.222178357057;107
2763;13222.222178357057;107
2764;13222.222178357057;107
2765;13144.028698182157;107
2766;13222.222178357057;107
2767;13192.274433202141;107
2768;13222.222178357057;107
2769;13207.455858622201;107
2770;13222.222178357057;107
2771;13170.761029889718;107
2772;13222.222178357057;107
2773;13222.222178357057;107
2774;13264.927185539327;107
2775;13136.169716491133;108
2776;13024.726073405125;106
2777;13188.339604666045;106
2778;13222.222178357057;107
2779;13134.464852177834;106
2780;13432.157456674246;110
2781;13274.31860258546;108
2782;13080.166048584873;110
2783;13164.926909958449;107
2784;13246.000331431489;107
2785;13060.37659397837;106
2786;13222.222178357057;107
2787;13222.222178357057;107
2788;13060.37659397837;106
2789;13222.222178357057;107
2790;13222.222178357057;107
2791;13222.222178357057;107
2792;13361.978255368602;108
2793;13222.222178357057;107
2794;13075.168837218309;106
2795;13222.222178357057;107
2796;13274.840040392231;108
2797;13114.52073205952;108
2798;13317.094004060964;108
2799;13222.222178357057;107
2800;13307.833998375518;108
2801;13222.222178357057;107
2802;13210.520268115544;107
2803;13227.435707498653;108
2804;13222.222178357057;107
2805;13219.23169708936;107
2806;13199.91408859722;108
2807;13222.222178357057;107
2808;13167.935108917474;109
2809;13361.197598811359;110
2810;13070.8298374508;106
2811;13175.939356734583;106
2812;13253.767365495516;107
2813;13253.767365495516;107
2814;13324.360963146948;108
2815;13557.248854413261;112
2816;13069.166480282496;106
2817;13296.112784148065;107
2818;13059.371295321918;107
2819;13168.40044472502;108
2820;13133.504922478125;111
2821;13078.003130142039;107
2822;13283.96475798198;108
2823;13180.72845925996;107
2824;13324.449797101859;107
2825;13303.135040507013;108
2826;13141.59275387152;106
2827;13127.624283558862;106
2828;13303.135040507013;108
2829;13131.63727784947;107
2830;13282.940003824455;108
2831;13171.461891967878;107
2832;13118.54877351269;108
2833;13273.706332622876;109
2834;13699.425163535558;116
2835;13317.124807588543;108
2836;13200.834616690196;107
2837;13287.57787282371;109
2838;13200.834616690196;107
2839;13312.687071037697;108
2840;13507.128107172599;115
2841;13200.834616690196;107
2842;13171.430608019184;108
2843;13218.031398893772;108
2844;13200.834616690196;107
2845;13320.913040371717;108
2846;13329.047505007951;108
2847;13216.783070608966;109
2848;13253.767365495516;107
2849;13220.150906154115;107
2850;13223.39712136765;107
2851;13233.956665569094;107
2852;13142.099488873138;107
2853;13128.575951554874;106
2854;13081.934835849097;106
2855;13222.222178357057;107
2856;13222.222178357057;107
2857;13222.222178357057;107
2858;13266.947592943377;109
2859;13188.997212171778;107
2860;13381.830844404563;108
2861;13222.222178357057;107
2862;13222.222178357057;107
2863;13222.222178357057;107
2864;13222.222178357057;107
2865;13222.222178357057;107
2866;13217.11471129614;108
2867;13222.222178357057;107
2868;13169.82580578431;106
2869;13243.374315351635;107
2870;13203.86109799862;106
2871;13077.12663836809;107
2872;13222.222178357057;107
2873;13028.926566818223;106
2874;13202.380734093813;107
2875;13204.11440852126;107
2876;13255.63333906901;108
2877;13223.051602325006;108
2878;13222.222178357057;107
2879;13258.434176782159;108
2880;13222.222178357057;107
2881;13208.102725796874;107
2882;13222.222178357057;107
2883;13373.518319607421;108
2884;13187.345627157496;107
2885;13098.379554449668;108
2886;13302.161147765311;108
2887;13032.969859342416;108
2888;13222.222178357057;107
2889;13296.273231333598;108
2890;13279.17198083791;107
2891;13222.222178357057;107
2892;13216.601186175061;106
2893;13275.44732678028;108
2894;13222.222178357057;107
2895;12995.862523820348;108
2896;13282.412479190096;108
2897;13222.222178357057;107
2898;13204.136648059384;106
2899;13322.960494485013;109
2900;13199.108900334746;109
2901;13222.222178357057;107
2902;13187.011845862853;107
2903;13222.222178357057;107
2904;13222.222178357057;107
2905;13182.955539845416;109
2906;13222.222178357057;107
2907;13222.222178357057;107
2908;13222.222178357057;107
2909;13222.222178357057;107
2910;13221.417760056545;107
2911;13173.928979617092;107
2912;13205.924379669475;108
2913;13222.222178357057;107
2914;13222.222178357057;107
2915;13182.424530619734;106
2916;13122.773952542566;106
2917;13222.222178357057;107
2918;13222.222178357057;107
2919;13053.637557926759;106
2920;13318.112340768697;110
2921;13118.101460773381;107
2922;13222.222178357057;107
2923;13222.222178357057;107
2924;13222.222178357057;107
2925;13222.222178357057;107
2926;13222.222178357057;107
2927;13222.222178357057;107
2928;13222.222178357057;107
2929;13222.222178357057;107
2930;13222.222178357057;107
2931;13180.76183143939;106
2932;13250.192738495776;106
2933;13279.330071770237;107
2934;13395.583885195154;108
2935;13263.248331566545;107
2936;13225.843732072766;107
2937;13230.17599591898;106
2938;13222.222178357057;107
2939;13204.574056565101;106
2940;13170.761029889718;107
2941;13222.222178357057;107
2942;13204.099721793344;107
2943;13219.897435350831;107
2944;13222.222178357057;107
2945;13222.222178357057;107
2946;13209.092293446563;107
2947;13222.222178357057;107
2948;13195.855671993893;107
2949;13212.587518504552;107
2950;13165.76365079764;106
2951;13199.108900334746;109
2952;13222.222178357057;107
2953;13058.448035767897;108
2954;13222.222178357057;107
2955;13222.222178357057;107
2956;13222.222178357057;107
2957;13372.80148893628;110
2958;13275.44732678028;108
2959;13292.78368054689;107
2960;13240.164184389138;108
2961;13266.77774756737;109
2962;13195.855671993893;107
2963;13222.222178357057;107
2964;13222.222178357057;107
2965;13222.222178357057;107
2966;13105.635492048255;106
2967;13186.906130576508;107
2968;13192.431715655097;107
2969;13222.222178357057;107
2970;13183.702348258226;106
2971;13222.222178357057;107
2972;13222.222178357057;107
2973;13222.222178357057;107
2974;13180.425936144407;107
2975;13276.664576516818;107
2976;13123.989918697911;107
2977;13208.588368620553;109
2978;13037.085237182207;108
2979;13218.134629455322;107
2980;13222.222178357057;107
2981;13152.934483811381;106
2982;13222.222178357057;107
2983;13222.222178357057;107
2984;13204.099721793344;107
2985;13222.222178357057;107
2986;13204.804495654553;107
2987;13222.222178357057;107
2988;13216.38925824806;106
2989;13222.222178357057;107
2990;13222.222178357057;107
2991;13140.766047943625;107
2992;13206.933424236488;107
2993;13222.222178357057;107
2994;13200.663660801169;108
2995;13222.222178357057;107
2996;13222.222178357057;107
2997;13222.222178357057;107
2998;13222.222178357057;107
2999;13216.253598442725;106
3000;13222.222178357057;107
3001;13222.222178357057;107
3002;13222.222178357057;107
3003;13210.209425176508;106
3004;13219.23169708936;107
3005;13170.608981690199;109
3006;13222.222178357057;107
3007;13040.98427126434;106
3008;13222.222178357057;107
3009;13191.77674212935;107
3010;13222.222178357057;107
3011;13204.120175524433;107
3012;13222.222178357057;107
3013;13195.580603997376;106
3014;13309.533425763837;108
3015;13150.098789690066;106
3016;13371.816290470957;108
3017;13126.504759036916;106
3018;13251.723503875133;106
3019;13251.723503875133;106
3020;13213.565615174983;106
3021;13400.468694282627;108
3022;13265.320576220325;106
3023;13231.730005469684;106
3024;13251.723503875133;106
3025;13251.723503875133;106
3026;13251.723503875133;106
3027;13197.896719137134;106
3028;13251.723503875133;106
3029;13248.359140104383;106
3030;13265.56365384319;106
3031;13251.723503875133;106
3032;13368.596346136901;107
3033;13309.841577414065;107
3034;13251.723503875133;106
3035;13251.723503875133;106
3036;13251.723503875133;106
3037;13434.749859909403;112
3038;13234.722561019573;106
3039;13251.723503875133;106
3040;13251.723503875133;106
3041;13251.723503875133;106
3042;13251.723503875133;106
3043;13231.076617962019;106
3044;13328.785875287078;107
3045;13251.723503875133;106
3046;13251.723503875133;106
3047;13251.723503875133;106
3048;13251.723503875133;106
3049;13251.723503875133;106
3050;13199.588018352872;106
3051;13137.39312321768;106
3052;13251.723503875133;106
3053;13251.723503875133;106
3054;13340.019053646667;108
3055;13268.962759280526;106
3056;13303.014509672992;107
3057;13435.936086857666;107
3058;13215.591343701362;106
3059;13240.99201339291;110
3060;13251.723503875133;106
3061;13253.99842938261;106
3062;13251.723503875133;106
3063;13231.055075091524;106
3064;13135.314323647837;110
3065;13154.761072486528;108
3066;13251.723503875133;106
3067;13231.730005469684;106
3068;13251.723503875133;106
3069;13274.700042702103;109
3070;13251.723503875133;106
3071;13274.920505756985;107
3072;13198.066898512248;106
3073;13251.723503875133;106
3074;13208.020038783483;106
3075;13251.723503875133;106
3076;13251.723503875133;106
3077;13251.723503875133;106
3078;13197.039800309092;106
3079;13251.723503875133;106
3080;13108.261861842933;106
3081;13251.723503875133;106
3082;13251.723503875133;106
3083;13251.723503875133;106
3084;13253.199163704287;106
3085;13251.723503875133;106
3086;13251.723503875133;106
3087;13251.723503875133;106
3088;13229.041396206687;106
3089;13251.723503875133;106
3090;13251.723503875133;106
3091;13242.318744487324;108
3092;13266.948911976227;108
3093;13251.723503875133;106
3094;13382.21336925355;108
3095;13251.723503875133;106
3096;13251.723503875133;106
3097;13199.092952958126;107
3098;13296.574111636308;107
3099;13112.758409112863;107
3100;13204.01559171614;106
3101;13206.137294532491;106
3102;13251.723503875133;106
3103;13187.972093565371;106
3104;13251.723503875133;106
3105;13251.723503875133;106
3106;13251.723503875133;106
3107;13100.388774468296;107
3108;13251.723503875133;106
3109;13261.010426601919;107
3110;13309.83338838864;107
3111;13211.159513852905;107
3112;13319.936011226095;107
3113;13289.645770181765;107
3114;13251.723503875133;106
3115;13312.583234554466;107
3116;13251.723503875133;106
3117;13251.723503875133;106
3118;13246.616036814217;107
3119;13251.723503875133;106
3120;13251.723503875133;106
3121;13251.723503875133;106
3122;13134.22384052051;106
3123;13251.723503875133;106
3124;13187.359296786492;106
3125;13313.723337046733;107
3126;13251.723503875133;106
3127;13172.966065648432;106
3128;13438.813716145347;109
3129;13322.236052585962;107
3130;13251.723503875133;106
3131;13321.13024160951;108
3132;13251.723503875133;106
3133;13402.778943829844;108
3134;13332.666100979102;108
3135;13234.96103032244;106
3136;13251.723503875133;106
3137;13251.723503875133;106
3138;13334.838682915768;108
3139;13154.508209430029;106
3140;13251.723503875133;106
3141;13251.723503875133;106
3142;13251.723503875133;106
3143;13231.879339311092;106
3144;13251.723503875133;106
3145;13248.045009309872;106
3146;13394.83045760376;109
3147;13296.586169522148;107
3148;13231.891282896615;106
3149;13251.723503875133;106
3150;13151.271389563772;106
3151;13162.294166941054;106
3152;13251.723503875133;106
3153;13435.936086857666;107
3154;13251.723503875133;106
3155;13175.77334285698;108
3156;13231.74025811883;106
3157;13251.723503875133;106
3158;13234.722561019573;106
3159;13251.723503875133;106
3160;13251.723503875133;106
3161;13202.977883620957;106
3162;13251.898810669298;109
3163;13026.70177380587;106
3164;13263.480184461283;109
3165;13251.723503875133;106
3166;13212.985640826384;106
3167;13252.911620279609;108
3168;13206.172014322956;107
3169;13251.723503875133;106
3170;13251.723503875133;106
3171;13251.723503875133;106
3172;13251.723503875133;106
3173;13062.67093245107;106
3174;13251.723503875133;106
3175;13251.723503875133;106
3176;13161.849811869548;106
3177;13226.80623885073;106
3178;13448.966912535687;107
3179;13251.723503875133;106
3180;13251.723503875133;106
3181;13251.723503875133;106
3182;13251.723503875133;106
3183;13251.723503875133;106
3184;13329.936366074868;107
3185;13251.723503875133;106
3186;13400.210566162727;109
3187;13233.680576341303;107
3188;13184.694368870832;106
3189;13328.258655269077;107
3190;13192.065301273718;106
3191;13251.723503875133;106
3192;13316.945300847776;107
3193;13251.723503875133;106
3194;13234.722561019573;106
3195;13166.410314572144;107
3196;13334.128172892353;107
3197;13272.9938893192;107
3198;13251.723503875133;106
3199;13251.723503875133;106
3200;13251.723503875133;106
3201;13373.947649642421;107
3202;13251.723503875133;106
3203;13251.978783628063;106
3204;13293.984340239367;107
3205;13376.7679698963;110
3206;13251.723503875133;106
3207;13228.925254928721;106
3208;13312.030051664398;107
3209;13251.723503875133;106
3210;13135.171553881555;106
3211;13251.723503875133;106
3212;13251.723503875133;106
3213;13251.723503875133;106
3214;13127.21063189464;106
3215;13292.498033996219;109
3216;13251.723503875133;106
3217;13168.543067669383;108
3218;13258.948057852402;106
3219;13251.723503875133;106
3220;13307.047780185105;107
3221;13252.032611438764;108
3222;13228.540716129197;106
3223;13252.724096518094;109
3224;13400.445860805788;108
3225;13231.089488461988;106
3226;13226.37604866098;106
3227;13173.71954270456;106
3228;13251.723503875133;106
3229;13252.701598478805;106
3230;13231.05097333611;106
3231;13251.723503875133;106
3232;13251.723503875133;106
3233;13392.467899132698;108
3234;13316.609350888479;107
3235;13202.758721782904;106
3236;13203.165786094016;106
3237;13133.704686485278;106
3238;13228.410673956108;106
3239;13195.102349924648;108
3240;13251.723503875133;106
3241;13251.723503875133;106
3242;13251.723503875133;106
3243;13251.723503875133;106
3244;13251.723503875133;106
3245;13251.723503875133;106
3246;13123.131706443939;109
3247;13251.723503875133;106
3248;13251.723503875133;106
3249;13301.945105780655;107
3250;13328.80492290658;107
3251;13373.947649642421;107
3252;13251.723503875133;106
3253;13251.723503875133;106
3254;13288.094174099693;107
3255;13251.723503875133;106
3256;13251.723503875133;106
3257;13251.723503875133;106
3258;13251.723503875133;106
3259;13251.723503875133;106
3260;13251.723503875133;106
3261;13251.723503875133;106
3262;13290.838823602286;109
3263;13244.312066651064;108
3264;13251.723503875133;106
3265;13231.88571464472;106
3266;13115.787024530951;106
3267;13251.723503875133;106
3268;13251.723503875133;106
3269;13150.030586451176;106
3270;13251.723503875133;106
3271;13251.723503875133;106
3272;13251.723503875133;106
3273;13231.716328312392;106
3274;13246.990006428858;106
3275;13296.484289160744;107
3276;13160.404770225792;106
3277;13231.74025811883;106
3278;13199.763464510901;106
3279;13244.817459423222;107
3280;13229.080579505808;108
3281;13296.86289846979;108
3282;13296.485143382333;107
3283;13244.817459423222;107
3284;13184.549006601093;107
3285;13296.485143382333;107
3286;13244.817459423222;107
3287;13184.549006601093;107
3288;13231.358831507254;107
3289;13058.659912887739;108
3290;13161.89312849851;106
3291;13464.433284027258;109
3292;13489.473143745594;110
3293;13489.473143745594;110
3294;13603.869856659132;111
3295;13462.497926404143;110
3296;13431.709327800696;110
3297;13353.668651344222;111
3298;13510.784100165054;111
3299;13635.391994850106;112
3300;13402.334867212167;110
3301;13422.000827103371;109
3302;13522.39166338353;110
3303;13062.69830237553;105
3304;13336.665712129106;107
3305;13336.665712129106;107
3306;13336.665712129106;107
3307;13336.665712129106;107
3308;13336.665712129106;107
3309;13336.665712129106;107
3310;13234.760557498093;107
3311;13316.685013452168;107
3312;13336.665712129106;107
3313;13170.509144144822;107
3314;13155.960727333473;107
3315;13248.569405129405;107
3316;13336.665712129106;107
3317;13194.015322278517;106
3318;13116.617811142043;107
3319;13248.569405129405;107
3320;13172.972983694726;106
3321;13248.569405129405;107
3322;13145.565490527786;106
3323;13171.525560405818;109
3324;13248.569405129405;107
3325;13208.701940336552;107
3326;13095.402180914547;106
3327;13082.373116609904;109
3328;13230.096836940209;110
3329;13311.960657234877;110
3330;13318.204971828263;112
3331;13409.657378158978;112
3332;13385.229381438303;111
3333;13361.60718447372;111
3334;13311.666832909308;110
3335;13423.641788161176;110
3336;13465.676279806656;110
3337;13183.002481393718;111
3338;13297.260227511011;110
3339;13263.405784939201;112
3340;13315.41005740716;110
3341;13284.819157689195;109
3342;13315.412915273437;114
3343;13267.87679734456;109
3344;13326.732661693855;110
3345;13149.598247245942;107
3346;13374.361450015367;110
3347;13217.454277044231;108
3348;13375.502060051258;113
3349;13140.237201978707;107
3350;13396.86602048277;109
3351;13213.098810562386;108
3352;13415.817335497955;111
3353;13374.258425516286;109
3354;13402.171050483408;111
3355;13301.471472538144;114
3356;13425.828429976727;113
3357;13378.794912127516;114
3358;13321.60460067753;112
3359;13380.478791795644;113
3360;13336.21573754783;112
3361;13277.745602386958;113
3362;13416.005830003853;112
3363;13432.313760779865;115
3364;13439.817890915132;110
3365;13419.388274652078;111
3366;13378.581850903402;111
3367;13394.52817458659;116
3368;13413.109188217417;111
3369;13544.319283290637;112
3370;13271.675034408483;110
3371;13437.704422473333;113
3372;13424.210103840887;113
3373;13528.741107315791;116
3374;13546.931466230011;117
3375;13420.044331416657;115
3376;13478.524033609114;111
3377;13525.989973204805;115
3378;13110.165818189702;110
3379;13306.566138834165;112
3380;13291.605681824354;112
3381;13445.976649776852;111
3382;13468.854381733054;115
3383;13349.950705827052;114
3384;12959.222702621999;114
3385;13295.668102997784;122
3386;13427.384352912168;113
3387;13340.28422008414;112
3388;13502.265407461553;112
3389;13328.24001068355;112
3390;13395.188787359262;110
3391;13581.896616766671;113
3392;13213.1169173613;107
3393;13170.749248488395;108
3394;13529.11862201372;113
3395;13175.209034913638;113
3396;13368.459701811047;113
3397;13588.224683841358;115
3398;13056.470304446135;106
3399;13254.544454208944;109
3400;13292.017388677134;110
3401;13197.7061602992;107
3402;13323.477020009632;110
3403;13269.174168850372;108
3404;13308.432061653752;108
3405;13251.085167182871;114
3406;13198.050990689522;108
3407;13587.398048898647;115
3408;13416.947833651202;116
3409;13070.79121440175;108
3410;13043.922668573216;106
3411;13142.452864931416;106
3412;12943.149452515652;106
3413;13168.998691808623;110
3414;12992.746776255375;107
3415;13052.41460940283;106
3416;13226.698768752474;110
3417;12892.32843821954;107
3418;12702.538660812814;106
3419;12868.452452729065;109
3420;13233.963058222604;112
3421;13043.918665530684;110
3422;13179.837741454423;109
3423;13150.797265843696;109
3424;13150.48734014061;109
3425;13351.870477825909;111
3426;13326.639326572651;111
3427;13286.05615069139;112
3428;13266.225767062502;111
3429;12685.461785753143;110
3430;12670.73785333234;109
3431;12209.796359018654;107
3432;12523.191571271522;109
3433;13154.837914799993;117
3434;12862.228165600329;111
3435;13483.456185092313;124
3436;12989.895247631146;112
3437;13291.602074805229;117
3438;13252.691649851902;113
3439;13623.09945849812;114
3440;13226.430920864112;114
3441;13469.112994413164;112
3442;13073.466293061007;109
3443;13095.881321003419;105
3444;13418.756875039784;109
3445;13338.774503763756;114
3446;13294.618168535571;111
3447;13196.423622012422;107
3448;13217.094565369895;108
3449;13166.452739753364;107
3450;13140.748185781988;106
3451;13638.414220989469;112
3452;13140.748185781988;106
3453;13127.893416319643;109
3454;13116.736487646516;109
3455;13357.07412023286;107
3456;13069.828741695748;106
3457;13151.041862570964;105
3458;13311.407497582526;107
3459;13165.344538167954;105
3460;13382.448627404507;109
3461;13322.328158421242;106
3462;13390.234659889573;106
3463;13151.041862570964;105
3464;13226.26357068011;108
3465;13151.041862570964;105
3466;13151.041862570964;105
3467;13151.041862570964;105
3468;13151.041862570964;105
3469;13060.666156403395;108
3470;13322.328158421242;106
3471;13356.561753253076;107
3472;13246.977835546591;106
3473;13151.041862570964;105
3474;13259.910557602925;106
3475;13151.041862570964;105
3476;13310.274346812534;107
3477;13311.407497582526;107
3478;13322.328158421242;106
3479;13356.561753253076;107
3480;13455.41645607313;107
3481;13322.328158421242;106
3482;13322.328158421242;106
3483;13356.561753253076;107
3484;13322.328158421242;106
3485;13008.297156238428;105
3486;13163.785738905934;105
3487;13398.320326027439;107
3488;13274.363949746603;106
3489;13322.328158421242;106
3490;13285.224504056849;106
3491;13119.918894417884;107
3492;13302.619703436952;106
3493;13322.328158421242;106
3494;13322.328158421242;106
3495;13322.328158421242;106
3496;13251.607292889734;106
3497;13420.809173477946;106
3498;13301.638236296587;106
3499;13147.578622940702;105
3500;13299.784787666535;106
3501;13322.328158421242;106
3502;13271.167028736001;107
3503;13301.436141372522;106
3504;13112.165283365674;105
3505;13322.328158421242;106
3506;13322.328158421242;106
3507;13322.328158421242;106
3508;13322.328158421242;106
3509;13322.328158421242;106
3510;13322.328158421242;106
3511;13322.328158421242;106
3512;13322.328158421242;106
3513;13290.251207492289;106
3514;13322.328158421242;106
3515;13322.328158421242;106
3516;13215.376327633921;106
3517;13322.328158421242;106
3518;13322.328158421242;106
3519;13251.039192512519;106
3520;13322.328158421242;106
3521;13186.358525823862;106
3522;13322.322846698005;106
3523;13322.328158421242;106
3524;13260.98664202917;106
3525;13218.531860934225;106
3526;13322.328158421242;106
3527;13322.328158421242;106
3528;13164.345088960687;105
3529;13322.328158421242;106
3530;13322.328158421242;106
3531;13302.468404661005;106
3532;13274.558742623405;106
3533;13392.252373551848;107
3534;13322.328158421242;106
3535;13322.328158421242;106
3536;13322.328158421242;106
3537;13322.328158421242;106
3538;13112.165283365674;105
3539;13220.00689216459;107
3540;13322.328158421242;106
3541;13322.328158421242;106
3542;13322.328158421242;106
3543;13322.328158421242;106
3544;13322.328158421242;106
3545;13322.328158421242;106
3546;13152.985385012607;105
3547;13251.039192512519;106
3548;13322.328158421242;106
3549;13302.491048029091;106
3550;13106.715823818777;105
3551;13322.328158421242;106
3552;13301.477618533625;106
3553;13106.651386300638;105
3554;13422.02281282774;107
3555;13322.328158421242;106
3556;13322.328158421242;106
3557;13322.328158421242;106
3558;13322.328158421242;106
3559;13302.468404661005;106
3560;13289.892725164986;107
3561;13301.477618533625;106
3562;13322.328158421242;106
3563;13306.678563576475;106
3564;13322.328158421242;106
3565;13301.477185348873;106
3566;13260.642833672648;107
3567;13308.694348684738;108
3568;13322.328158421242;106
3569;13322.328158421242;106
3570;13322.328158421242;106
3571;13251.039192512519;106
3572;13322.328158421242;106
3573;13109.881485091057;105
3574;13253.432951031036;106
3575;13300.012436942894;106
3576;13243.646806550381;106
3577;13322.328158421242;106
3578;13322.328158421242;106
3579;13322.328158421242;106
3580;13322.328158421242;106
3581;13322.328158421242;106
3582;13205.815190378175;106
3583;13267.605820125762;106
3584;13301.470595786994;106
3585;13289.104632658524;106
3586;13120.222201774211;105
3587;13322.328158421242;106
3588;13322.328158421242;106
3589;13322.328158421242;106
3590;13322.328158421242;106
3591;13322.328158421242;106
3592;13322.328158421242;106
3593;13262.865618043557;106
3594;13433.866845746603;107
3595;13322.328158421242;106
3596;13276.938186044681;108
3597;13322.328158421242;106
3598;13185.664472445684;107
3599;13357.555830627056;109
3600;13322.328158421242;106
3601;13301.46099734694;106
3602;13420.326723538328;107
3603;13322.328158421242;106
3604;13212.293956605266;106
3605;13384.0229621077;108
3606;13111.816021475277;105
3607;13303.590011757735;108
3608;13184.940329428873;106
3609;13301.465122930511;106
3610;13132.265595178502;105
3611;13322.328158421242;106
3612;13322.328158421242;106
3613;13289.104632658524;106
3614;13268.548682051232;106
3615;13322.328158421242;106
3616;13322.328158421242;106
3617;13277.42656302022;108
3618;13204.297074326501;106
3619;13222.116457595057;106
3620;13322.328158421242;106
3621;13266.81062780336;106
3622;13389.658475715447;108
3623;13357.030543860592;107
3624;13322.328158421242;106
3625;13322.328158421242;106
3626;13322.328158421242;106
3627;13299.71336260221;106
3628;13285.80765585158;106
3629;13288.769873766598;106
3630;13322.328158421242;106
3631;13169.865099021465;109
3632;13418.083267053244;109
3633;13350.032907455754;112
3634;13463.790740300503;109
3635;13420.23915177626;107
3636;13420.23915177626;107
3637;13481.459772485718;108
3638;13399.55564908887;107
3639;13420.23915177626;107
3640;13419.583054575725;108
3641;13420.23915177626;107
3642;13420.23915177626;107
3643;13420.23915177626;107
3644;13498.803423385501;108
3645;13464.678553509531;108
3646;13420.23915177626;107
3647;13420.23915177626;107
3648;13420.23915177626;107
3649;13420.23915177626;107
3650;13420.23915177626;107
3651;13484.874649189964;108
3652;13589.214856726205;109
3653;13265.92229507644;106
3654;13111.866656016531;107
3655;13420.23915177626;107
3656;13346.045019062478;107
3657;13456.620941144407;107
3658;13429.601718461261;111
3659;13420.23915177626;107
3660;13482.504524965567;109
3661;13400.979694702726;107
3662;13420.23915177626;107
3663;13420.23915177626;107
3664;13381.266985109558;107
3665;13509.188606443933;109
3666;13444.145040337273;110
3667;13442.308496977112;108
3668;13387.888825683676;108
3669;13413.246910541804;109
3670;13491.494759168649;108
3671;13395.067712662378;108
3672;13466.057149240152;108
3673;13437.5784441165;111
3674;13390.578686289706;108
3675;13491.494759168649;108
3676;13362.493204924871;108
3677;13491.494759168649;108
3678;13502.369954864142;109
3679;13491.494759168649;108
3680;13515.236571224425;109
3681;13381.266985109558;107
3682;13356.35354841396;108
3683;13455.858735400272;108
3684;13427.140419057028;108
3685;13441.97532316523;109
3686;13462.993003863416;108
3687;13462.072354022412;108
3688;13462.993003863416;108
3689;13315.572681361198;109
3690;13462.993003863416;108
3691;13146.212344861238;106
3692;13511.78118180765;109
3693;13384.853329913538;108
3694;13496.702667019415;111
3695;13567.364158923088;111
3696;13342.19371496662;108
3697;13491.494759168649;108
3698;13466.323405587646;108
3699;13491.494759168649;108
3700;13491.494759168649;108
3701;13491.494759168649;108
3702;13491.494759168649;108
3703;13499.994805315544;108
3704;13419.722548888112;109
3705;13432.664126747588;108
3706;13429.631592930864;108
3707;13325.565532423765;107
3708;13531.200017781948;109
3709;13356.873005296813;108
3710;13491.494759168649;108
3711;13491.494759168649;108
3712;13316.928273103129;108
3713;13491.494759168649;108
3714;13426.79298928554;108
3715;13357.658251917232;110
3716;13279.407549717958;108
3717;13491.494759168649;108
3718;13427.137074203758;108
3719;13491.494759168649;108
3720;13472.158259345515;108
3721;13491.494759168649;108
3722;13491.494759168649;108
3723;13491.494759168649;108
3724;13491.494759168649;108
3725;13491.494759168649;108
3726;13491.494759168649;108
3727;13343.868955473157;110
3728;13440.40977505861;108
3729;13491.494759168649;108
3730;13500.131115458706;108
3731;13491.494759168649;108
3732;13491.494759168649;108
3733;13491.494759168649;108
3734;13333.907836710754;110
3735;13491.494759168649;108
3736;13491.494759168649;108
3737;13491.494759168649;108
3738;13513.91800514426;111
3739;13512.379984563328;108
3740;13513.80448311719;108
3741;13470.680846966521;110
3742;13491.494759168649;108
3743;13491.494759168649;108
3744;13491.494759168649;108
3745;13341.388484252026;108
3746;13434.366425979379;108
3747;13551.417199263582;109
3748;13381.142852692788;108
3749;13341.4226364867;108
3750;13407.131887797903;108
3751;13404.104070386737;108
3752;13401.81565002288;108
3753;13470.579854389378;108
3754;13388.749522184684;110
3755;13384.651923236119;108
3756;13401.565189020024;108
3757;13491.494759168649;108
3758;13419.42778350866;109
3759;13304.589557338888;110
3760;13435.432163779691;108
3761;13339.33255494954;108
3762;13491.494759168649;108
3763;13491.494759168649;108
3764;13491.494759168649;108
3765;13441.278762764365;110
3766;13491.494759168649;108
3767;13491.494759168649;108
3768;13491.494759168649;108
3769;13382.720783523324;108
3770;13380.757368590772;108
3771;13340.515301134228;109
3772;13497.327450049017;111
3773;13432.664126747588;108
3774;13338.162784174607;108
3775;13330.066542141292;107
3776;13375.730070235659;108
3777;13491.494759168649;108
3778;13493.826771542428;110
3779;13395.334847858037;112
3780;13491.494759168649;108
3781;13491.494759168649;108
3782;13426.287258420141;110
3783;13491.494759168649;108
3784;13491.494759168649;108
3785;13471.692086293853;108
3786;13491.494759168649;108
3787;13472.177730823896;108
3788;13491.494759168649;108
3789;13437.207689729066;110
3790;13390.578686289706;108
3791;13491.494759168649;108
3792;13441.827636363822;108
3793;13424.61029518797;111
3794;13491.494759168649;108
3795;13337.753569337363;109
3796;13491.494759168649;108
3797;13491.494759168649;108
3798;13491.494759168649;108
3799;13459.073425268818;108
3800;13491.494759168649;108
3801;13402.590864552609;108
3802;13491.494759168649;108
3803;13381.617892671022;108
3804;13491.494759168649;108
3805;13491.494759168649;108
3806;13372.906844102017;108
3807;13491.494759168649;108
3808;13436.04802951226;109
3809;13569.671106575031;109
3810;13491.494759168649;108
3811;13491.494759168649;108
3812;13430.215935935375;108
3813;13391.715945122916;108
3814;13430.117064903377;109
3815;13491.494759168649;108
3816;13384.218857480068;108
3817;13352.131229732773;109
3818;13484.42564477546;111
3819;13491.494759168649;108
3820;13491.494759168649;108
3821;13491.494759168649;108
3822;13491.494759168649;108
3823;13491.494759168649;108
3824;13491.494759168649;108
3825;13578.475399217443;109
3826;13491.494759168649;108
3827;13491.494759168649;108
3828;13491.494759168649;108
3829;13491.494759168649;108
3830;13341.39918461084;108
3831;13457.04844885069;108
3832;13293.084633999202;108
3833;13352.73236189007;107
3834;13367.781324519248;108
3835;13211.22009440121;108
3836;13491.494759168649;108
3837;13491.494759168649;108
3838;13491.494759168649;108
3839;13477.860949432144;110
3840;13491.494759168649;108
3841;13378.365218284778;108
3842;13439.505597952508;108
3843;13353.507526842726;109
3844;13356.571454160556;108
3845;13407.482712873665;108
3846;13491.494759168649;108
3847;13474.910463702787;108
3848;13491.494759168649;108
3849;13491.494759168649;108
3850;13491.494759168649;108
3851;13491.494759168649;108
3852;13482.23075787157;111
3853;13472.403369445774;108
3854;13491.494759168649;108
3855;13491.494759168649;108
3856;13491.494759168649;108
3857;13491.494759168649;108
3858;13546.205947323446;109
3859;13491.494759168649;108
3860;13491.494759168649;108
3861;13491.494759168649;108
3862;13491.494759168649;108
3863;13274.317603371748;107
3864;13491.494759168649;108
3865;13408.215513879786;110
3866;13390.578686289706;108
3867;13491.494759168649;108
3868;13469.2584639909;110
3869;13491.494759168649;108
3870;13279.407549717958;108
3871;13329.801140543776;110
3872;13390.10295614353;109
3873;13470.76524759611;110
3874;13491.494759168649;108
3875;13356.873005296813;108
3876;13491.494759168649;108
3877;13478.715836452559;108
3878;13471.497555975593;108
3879;13255.478718728626;107
3880;13491.494759168649;108
3881;13327.371618935244;109
3882;13491.494759168649;108
3883;13381.142852692788;108
3884;13491.494759168649;108
3885;13491.494759168649;108
3886;13491.494759168649;108
3887;13401.273014548933;108
3888;13271.756576562864;108
3889;13435.872346580256;111
3890;13491.494759168649;108
3891;13461.358842389534;108
3892;13491.494759168649;108
3893;13491.494759168649;108
3894;13491.494759168649;108
3895;13491.494759168649;108
3896;13499.78004147842;108
3897;13484.471641303104;111
3898;13486.750117732163;109
3899;13420.23915177626;107
3900;13434.303591764252;108
3901;13420.23915177626;107
3902;13508.601301848908;110
3903;13491.494759168649;108
3904;13491.494759168649;108
3905;13356.67981657173;108
3906;13475.497503989476;108
3907;13430.182281704065;108
3908;13472.181000259381;108
3909;13354.220273394574;109
3910;13491.494759168649;108
3911;13312.503414178525;108
3912;13427.140419057028;108
3913;13322.168387112113;109
3914;13515.675026890329;111
3915;13476.294850331502;109
3916;13381.266985109558;107
3917;13393.440528657187;110
3918;13491.494759168649;108
3919;13491.494759168649;108
3920;13491.494759168649;108
3921;13491.494759168649;108
3922;13370.911522771494;108
3923;13491.494759168649;108
3924;13491.494759168649;108
3925;13329.26751290348;107
3926;13421.078148544377;109
3927;13511.267500282343;108
3928;13491.494759168649;108
3929;13432.664126747588;108
3930;13491.494759168649;108
3931;13491.494759168649;108
3932;13472.18051030914;108
3933;13491.494759168649;108
3934;13491.494759168649;108
3935;13491.494759168649;108
3936;13491.494759168649;108
3937;13523.088620324246;109
3938;13491.494759168649;108
3939;13491.494759168649;108
3940;13491.494759168649;108
3941;13491.494759168649;108
3942;13491.494759168649;108
3943;13491.494759168649;108
3944;13491.494759168649;108
3945;13491.494759168649;108
3946;13417.865756211158;109
3947;13491.494759168649;108
3948;13491.494759168649;108
3949;13472.177730823896;108
3950;13399.988923862138;108
3951;13282.522015806198;108
3952;13479.207189642113;109
3953;13491.494759168649;108
3954;13491.494759168649;108
3955;13412.29947059245;109
3956;13491.494759168649;108
3957;13491.494759168649;108
3958;13491.494759168649;108
3959;13491.494759168649;108
3960;13522.743798607895;109
3961;13475.340026458696;108
3962;13345.853007355707;107
3963;13378.388619522562;108
3964;13491.494759168649;108
3965;13491.494759168649;108
3966;13500.15741863294;108
3967;13491.494759168649;108
3968;13502.867804497115;108
3969;13491.494759168649;108
3970;13501.040960556673;110
3971;13491.494759168649;108
3972;13500.544800739595;109
3973;13279.407549717958;108
3974;13338.559967229952;108
3975;13484.178501492195;110
3976;13417.800440043136;109
3977;13491.494759168649;108
3978;13491.494759168649;108
3979;13491.494759168649;108
3980;13384.651923236119;108
3981;13491.494759168649;108
3982;13491.494759168649;108
3983;13491.494759168649;108
3984;13491.494759168649;108
3985;13491.494759168649;108
3986;13507.582719066942;109
3987;13384.759875842854;108
3988;13491.494759168649;108
3989;13424.234542078411;108
3990;13480.678144893249;108
3991;13491.494759168649;108
3992;13491.494759168649;108
3993;13559.945619648228;109
3994;13491.494759168649;108
3995;13491.494759168649;108
3996;13491.494759168649;108
3997;13491.494759168649;108
3998;13472.177730823896;108
3999;13491.494759168649;108
4000;13491.494759168649;108
4001;13412.123435250145;109
4002;13396.507688859932;108
4003;13454.981035981928;109
4004;13497.474654984466;108
4005;13460.921292625499;108
4006;13491.494759168649;108
4007;13491.494759168649;108
4008;13472.17329923196;108
4009;13444.329603053344;108
4010;13341.39918461084;108
4011;13378.370079305463;108
4012;13377.778232873005;110
4013;13491.494759168649;108
4014;13414.14474944675;108
4015;13408.071153126568;109
4016;13499.78004147842;108
4017;13491.494759168649;108
4018;13491.494759168649;108
4019;13398.163249769052;108
4020;13352.485837610371;108
4021;13469.395603174216;109
4022;13397.931900082638;109
4023;13400.634952834504;108
4024;13631.801204750962;113
4025;13346.519280099374;108
4026;13567.076386399704;113
4027;13494.049996955122;112
4028;13473.327938336988;111
4029;13240.911203023265;108
4030;13476.695828218517;112
4031;13576.43123711038;112
4032;13312.406949238897;111
4033;13361.449406360716;112
4034;13308.416247721314;107
4035;13352.357784432925;108
4036;13117.25666099008;105
4037;13117.25666099008;105
4038;13117.25666099008;105
4039;13169.7843163689;108
4040;13200.510065584584;106
4041;13117.25666099008;105
4042;13297.597344948552;110
4043;13117.25666099008;105
4044;13016.221591096622;107
4045;13243.234971742266;106
4046;13117.25666099008;105
4047;13117.25666099008;105
4048;13117.25666099008;105
4049;13117.25666099008;105
4050;13057.787554630859;105
4051;13117.25666099008;105
4052;13208.751052874715;106
4053;13398.910423536518;107
4054;13234.037358531352;106
4055;13079.360379699014;105
4056;13117.25666099008;105
4057;13291.312454481666;107
4058;13371.552619602306;108
4059;13261.426065770986;106
4060;13117.25666099008;105
4061;13117.25666099008;105
4062;13409.253828099849;107
4063;13117.25666099008;105
4064;13117.25666099008;105
4065;13219.836257550389;107
4066;13276.759053849537;107
4067;13117.25666099008;105
4068;13117.25666099008;105
4069;13257.767340261067;106
4070;13169.986213941493;106
4071;13117.25666099008;105
4072;13117.25666099008;105
4073;13182.109957769842;106
4074;13117.25666099008;105
4075;13036.297169486972;107
4076;13261.408665689993;106
4077;13232.987781351834;106
4078;13117.25666099008;105
4079;13117.25666099008;105
4080;13304.809524106418;107
4081;13203.708752945984;107
4082;13118.049320652377;109
4083;13258.083246491467;106
4084;13105.873539741426;106
4085;13254.84733833942;106
4086;13409.102872174097;107
4087;13117.25666099008;105
4088;13117.25666099008;105
4089;13253.193198845658;106
4090;13340.930428180109;109
4091;13100.958862302497;106
4092;13089.879107349334;107
4093;13263.63097884303;106
4094;13117.25666099008;105
4095;13316.178503247296;107
4096;13167.48257339279;108
4097;13117.25666099008;105
4098;13340.930428180109;109
4099;13117.25666099008;105
4100;13117.25666099008;105
4101;13117.25666099008;105
4102;13117.25666099008;105
4103;13357.521264794364;107
4104;13182.817264126665;106
4105;13117.25666099008;105
4106;13036.297169486972;107
4107;13247.464306607331;106
4108;13036.297169486972;107
4109;13117.25666099008;105
4110;13211.0446576933;106
4111;13410.068662508891;107
4112;13117.25666099008;105
4113;13117.25666099008;105
4114;13180.9168130888;108
4115;13117.25666099008;105
4116;13117.25666099008;105
4117;13117.25666099008;105
4118;13117.25666099008;105
4119;13259.897380615072;106
4120;13117.25666099008;105
4121;13210.689519371257;106
4122;13409.757188416743;107
4123;13117.25666099008;105
4124;13197.438158184485;106
4125;13117.25666099008;105
4126;13117.25666099008;105
4127;13275.585907127404;106
4128;13117.25666099008;105
4129;13285.792202673367;108
4130;13337.80900704798;108
4131;13117.25666099008;105
4132;13117.25666099008;105
4133;13117.25666099008;105
4134;13117.25666099008;105
4135;13117.25666099008;105
4136;13117.25666099008;105
4137;13117.25666099008;105
4138;13234.037358531352;106
4139;13258.431467895092;106
4140;13117.25666099008;105
4141;13117.25666099008;105
4142;13325.73552657512;107
4143;13117.25666099008;105
4144;13117.25666099008;105
4145;13117.25666099008;105
4146;13117.25666099008;105
4147;13117.25666099008;105
4148;13117.25666099008;105
4149;13117.25666099008;105
4150;13117.25666099008;105
4151;13300.904893855717;110
4152;13117.25666099008;105
4153;13153.914859514887;106
4154;13117.25666099008;105
4155;13261.426065770986;106
4156;13181.506579332125;107
4157;13284.246672136884;107
4158;13117.25666099008;105
4159;13117.25666099008;105
4160;13117.25666099008;105
4161;13117.25666099008;105
4162;13349.13834732197;106
4163;13309.832511223269;107
4164;13218.24100646647;108
4165;13077.01811313003;105
4166;13221.44749289618;106
4167;13117.25666099008;105
4168;13117.25666099008;105
4169;13238.15155144475;106
4170;13117.25666099008;105
4171;13246.733320921952;107
4172;13241.903215248816;106
4173;13290.3966938989;109
4174;13117.25666099008;105
4175;13117.25666099008;105
4176;13385.741406442337;110
4177;13392.018595713638;109
4178;13392.018595713638;109
4179;13392.018595713638;109
4180;13430.991534863546;110
4181;13392.018595713638;109
4182;13430.991534863546;110
4183;13371.532670853061;109
4184;13392.018595713638;109
4185;13570.763421954744;114
4186;13082.353274269124;107
4187;13503.82240928392;113
4188;13564.400097246355;113
4189;13208.96553198549;107
4190;13347.829499125735;108
4191;13352.92279407571;108
4192;13212.767302223003;109
4193;13226.401111959507;107
4194;13226.401111959507;107
4195;13205.68400358125;107
4196;13226.401111959507;107
4197;13226.401111959507;107
4198;13242.271969221325;107
4199;13283.053492252235;107
4200;13477.083907454937;109
4201;13204.316932627773;107
4202;13158.351694915684;106
4203;13299.024143131426;107
4204;13158.351694915684;106
4205;13158.351694915684;106
4206;13158.351694915684;106
4207;13163.446771306159;106
4208;13158.351694915684;106
4209;13158.351694915684;106
4210;13431.09190737644;108
4211;13248.21942783963;108
4212;13285.80765585158;106
4213;13175.23439789561;105
4214;13150.529175670816;106
4215;13322.328158421242;106
4216;13220.325959259859;106
4217;13553.639332210885;108
4218;13154.66301877986;106
4219;13322.013329871257;106
4220;13306.669938455028;106
4221;13297.445097652671;107
4222;13322.328158421242;106
4223;13455.41645607313;107
4224;13301.436141372522;106
4225;13301.436141372522;106
4226;13251.813119555372;106
4227;13322.328158421242;106
4228;13288.595768559018;108
4229;13298.874625333094;108
4230;13258.347586318703;106
4231;13322.328158421242;106
4232;13301.450647351086;106
4233;13322.328158421242;106
4234;13322.328158421242;106
4235;13322.328158421242;106
4236;13322.328158421242;106
4237;13390.281263978868;107
4238;13455.021820135073;107
4239;13322.328158421242;106
4240;13231.170907122298;106
4241;13301.821246813251;107
4242;13322.328158421242;106
4243;13322.328158421242;106
4244;13322.328158421242;106
4245;13292.92414975023;107
4246;13322.328158421242;106
4247;13249.500584980078;106
4248;13322.328158421242;106
4249;13322.328158421242;106
4250;13322.328158421242;106
4251;13322.328158421242;106
4252;13322.328158421242;106
4253;13322.328158421242;106
4254;13303.634737786908;106
4255;13302.34066999418;106
4256;13285.206039816003;107
4257;13322.328158421242;106
4258;13238.252519743683;106
4259;13322.328158421242;106
4260;13322.328158421242;106
4261;13322.328158421242;106
4262;13301.471435201713;106
4263;13322.328158421242;106
4264;13322.328158421242;106
4265;13155.707947558038;107
4266;13322.328158421242;106
4267;13199.304433410092;106
4268;13364.16132552338;108
4269;13420.23915177626;107
4270;13420.23915177626;107
4271;13314.029728039044;108
4272;13512.414029993372;109
4273;13420.23915177626;107
4274;13420.23915177626;107
4275;13388.17875242129;108
4276;13420.23915177626;107
4277;13455.17131616355;110
4278;13437.13564025266;107
4279;13467.542909797185;108
4280;13224.22804935637;108
4281;13322.328158421242;106
4282;13268.688550900692;106
4283;13301.471435201713;106
4284;13322.328158421242;106
4285;13322.328158421242;106
4286;13322.328158421242;106
4287;13343.360687927356;107
4288;13109.881485091057;105
4289;13398.320326027439;107
4290;13322.328158421242;106
4291;13151.229185405662;107
4292;13455.021820135073;107
4293;13319.198410662508;106
4294;13322.328158421242;106
4295;13414.289719630971;107
4296;13230.512190419024;106
4297;13197.95204197222;106
4298;13322.328158421242;106
4299;13322.328158421242;106
4300;13322.328158421242;106
4301;13301.638236296587;106
4302;13150.47617961763;105
4303;13322.328158421242;106
4304;13322.328158421242;106
4305;13322.328158421242;106
4306;13199.612849178498;108
4307;13322.328158421242;106
4308;13322.328158421242;106
4309;13322.328158421242;106
4310;13322.328158421242;106
4311;13301.477618533625;106
4312;13150.843169904212;106
4313;13322.328158421242;106
4314;13436.230936504897;107
4315;13240.825362784564;106
4316;13484.66479518473;108
4317;13462.993003863416;108
4318;13599.933491350484;110
4319;13550.328198731859;109
4320;13598.316406092245;109
4321;13462.993003863416;108
4322;13459.576047154367;110
4323;13530.341389811148;110
4324;13479.61702891308;111
4325;13462.993003863416;108
4326;13250.330846076275;106
4327;13253.682125023526;106
4328;13322.328158421242;106
4329;13322.328158421242;106
4330;13322.328158421242;106
4331;13302.209974800431;106
4332;13298.076950325481;106
4333;13191.543153270313;106
4334;13322.328158421242;106
4335;13098.503906973217;105
4336;13263.91153404816;106
4337;13322.328158421242;106
4338;13163.785738905934;105
4339;13164.345088960687;105
4340;13322.328158421242;106
4341;13106.779131383995;105
4342;13221.710787427757;107
4343;13322.328158421242;106
4344;13238.196743165701;107
4345;13210.157649378265;106
4346;13322.328158421242;106
4347;13322.328158421242;106
4348;13322.328158421242;106
4349;13322.328158421242;106
4350;13322.328158421242;106
4351;13322.328158421242;106
4352;13322.328158421242;106
4353;13233.832986011821;106
4354;13420.23915177626;107
4355;13374.849179399702;109
4356;13464.644086528991;108
4357;13471.885921035562;109
4358;13420.23915177626;107
4359;13505.811541767122;110
4360;13433.439323160246;108
4361;13365.95208233668;109
4362;13459.735929363387;109
4363;13500.207797149033;112
4364;13454.403608052202;110
4365;13464.796716686955;108
4366;13419.579689248216;107
4367;13502.055647808493;109
4368;13560.860713306929;109
4369;13389.772544098078;110
4370;13491.494759168649;108
4371;13462.993003863416;108
4372;13462.993003863416;108
4373;13355.504811293176;107
4374;13414.606398970933;108
4375;13462.198794021202;108
4376;13462.993003863416;108
4377;13460.515476376688;108
4378;13606.65807144088;110
4379;13507.878032207447;110
4380;13344.014195548689;107
4381;13279.749253310934;107
4382;13215.522530822154;107
4383;13327.371618935244;109
4384;13462.993003863416;108
4385;13486.306414636401;108
4386;13303.506832799243;108
4387;13420.23915177626;107
4388;13366.992198771339;109
4389;13353.771135420695;108
4390;13279.749253310934;107
4391;13333.14580971357;107
4392;13573.536141342973;110
4393;13491.494759168649;108
4394;13428.862498517638;108
4395;13374.51718654387;108
4396;13381.251852250078;108
4397;13388.003571931673;108
4398;13491.494759168649;108
4399;13472.22533819689;108
4400;13491.494759168649;108
4401;13491.494759168649;108
4402;13421.887404363888;108
4403;13466.323405587646;108
4404;13491.494759168649;108
4405;13491.494759168649;108
4406;13491.494759168649;108
4407;13504.077743572912;109
4408;13420.23915177626;107
4409;13547.849470160021;108
4410;13419.579689248216;107
4411;13456.500019127492;108
4412;13397.654067125684;108
4413;13472.177730823896;108
4414;13462.993003863416;108
4415;13462.993003863416;108
4416;13323.86079369724;107
4417;13302.213878618613;106
4418;13344.014195548689;107
4419;13203.433780196316;106
4420;13186.358525823862;106
4421;13289.104632658524;106
4422;13293.742790207125;108
4423;13322.328158421242;106
4424;13225.502590187112;106
4425;13322.328158421242;106
4426;13367.550162829442;107
4427;13322.328158421242;106
4428;13482.80965910435;109
4429;13322.328158421242;106
4430;13317.98200752931;106
4431;13223.946288154153;106
4432;13261.853871902696;106
4433;13305.400576932354;106
4434;13322.328158421242;106
4435;13215.966702538142;106
4436;13322.328158421242;106
4437;13281.099627851992;106
4438;13322.328158421242;106
4439;13322.328158421242;106
4440;13322.328158421242;106
4441;13095.467436603052;105
4442;13322.328158421242;106
4443;13153.129217497315;105
4444;13322.328158421242;106
4445;13289.104632658524;106
4446;13308.168979944803;106
4447;13322.328158421242;106
4448;13259.72259909931;106
4449;13308.694348684738;108
4450;13222.27638784513;106
4451;13322.328158421242;106
4452;13218.826996195521;106
4453;13189.703754424714;107
4454;13274.363949746603;106
4455;13301.47342332301;106
4456;13302.205495677286;106
4457;13322.328158421242;106
4458;13322.328158421242;106
4459;13322.328158421242;106
4460;13322.328158421242;106
4461;13322.328158421242;106
4462;13299.720260029459;108
4463;13322.328158421242;106
4464;13322.328158421242;106
4465;13322.328158421242;106
4466;13273.911296131277;108
4467;13322.328158421242;106
4468;13310.195631948394;107
4469;13322.328158421242;106
4470;13322.328158421242;106
4471;13242.573101053911;109
4472;13322.328158421242;106
4473;13322.328158421242;106
4474;13287.16458703122;108
4475;13272.773246395094;106
4476;13322.328158421242;106
4477;13322.328158421242;106
4478;13097.412806727905;106
4479;13272.078932219583;106
4480;13322.328158421242;106
4481;13267.726260431675;108
4482;13322.328158421242;106
4483;13322.328158421242;106
4484;13429.206674626535;107
4485;13322.328158421242;106
4486;13322.328158421242;106
4487;13164.345088960687;105
4488;13111.816021475277;105
4489;13322.328158421242;106
4490;13114.816829271764;105
4491;13295.994235495062;107
4492;13322.328158421242;106
4493;13299.743782981945;106
4494;13322.328158421242;106
4495;13238.252519743683;106
4496;13322.328158421242;106
4497;13322.328158421242;106
4498;13322.328158421242;106
4499;13322.328158421242;106
4500;13322.328158421242;106
4501;13322.328158421242;106
4502;13316.191689756888;108
4503;13260.35876085435;106
4504;13285.224504056849;106
4505;13219.378275229574;106
4506;13322.328158421242;106
4507;13322.328158421242;106
4508;13322.328158421242;106
4509;13322.328158421242;106
4510;13272.110351279935;107
4511;13322.328158421242;106
4512;13322.328158421242;106
4513;13266.81062780336;106
4514;13314.916721197174;108
4515;13322.328158421242;106
4516;13322.328158421242;106
4517;13322.328158421242;106
4518;13301.821246813251;107
4519;13322.328158421242;106
4520;13322.328158421242;106
4521;13301.465122930511;106
4522;13206.074637141428;106
4523;13322.328158421242;106
4524;13322.328158421242;106
4525;13322.328158421242;106
4526;13322.328158421242;106
4527;13322.328158421242;106
4528;13126.920798061841;107
4529;13261.560893391841;106
4530;13322.328158421242;106
4531;13322.30192058597;106
4532;13322.328158421242;106
4533;13407.472696087703;109
4534;13455.41645607313;107
4535;13273.936228114833;106
4536;13310.040588894706;107
4537;13322.328158421242;106
4538;13322.328158421242;106
4539;13260.35876085435;106
4540;13322.328158421242;106
4541;13322.328158421242;106
4542;13322.328158421242;106
4543;13244.928313466815;106
4544;13393.483216924935;108
4545;13420.23915177626;107
4546;13420.23915177626;107
4547;13420.23915177626;107
4548;13400.246664239488;107
4549;13485.469573937144;111
4550;13413.019842950993;109
4551;13358.946285612003;111
4552;13413.019842950993;109
4553;13417.010451419124;107
4554;13459.778461095295;109
4555;13468.34186380543;109
4556;13420.23915177626;107
4557;13549.45184932754;108
4558;13413.019842950993;109
4559;13413.019842950993;109
4560;13615.254240596498;111
4561;13455.369937453584;109
4562;13335.276027769612;108
4563;13256.62190572727;107
4564;13192.692954991593;106
4565;13265.323761896094;108
4566;13131.361046774955;106
4567;13301.293238073295;107
4568;13159.16038250428;106
4569;13159.16038250428;106
4570;13232.57281316875;107
4571;13373.87154271127;116
4572;13497.921991492552;112
4573;13337.49533692164;111
4574;13572.410031684354;113
4575;13487.244791915215;113
4576;13422.028673870127;114
4577;13712.360986384427;113
4578;13469.327444308452;113
4579;13393.70705762254;111
4580;13486.79137284095;110
4581;13433.623730255236;110
4582;13351.347762350297;111
4583;13444.15235579819;111
4584;13413.531888658277;112
4585;13588.412331448122;113
4586;13469.019339518492;113
4587;13337.036651395198;108
4588;13415.338838119487;109
4589;13464.308484984549;112
4590;13392.665483486824;110
4591;13243.977412830507;110
4592;13273.495563392004;109
4593;13218.249215391468;108
4594;13465.499758106329;113
4595;13433.576650500514;110
4596;13330.544195558461;111
4597;13419.67363745767;112
4598;13376.987009045852;111
4599;13344.310873657056;110
4600;13399.980382626158;109
4601;13416.661833790276;110
4602;13365.124785859183;108
4603;13365.124785859183;108
4604;13600.76687584742;115
4605;13502.607841944975;110
4606;13491.462422049337;110
4607;13218.867249825982;108
4608;13306.22258732906;108
4609;13235.37902611524;110
4610;13195.205746092639;107
4611;13119.110333852612;106
4612;13172.85878394138;106
4613;13172.85878394138;106
4614;13172.85878394138;106
4615;13109.401525261632;108
4616;13172.85878394138;106
4617;13153.06816287181;106
4618;13247.342338813254;106
4619;13152.823375716005;106
4620;13313.367438631283;107
4621;13231.460580783943;107
4622;13229.946872983188;107
4623;13276.451067087113;107
4624;13262.580254231303;107
4625;13152.845383288937;106
4626;13172.85878394138;106
4627;13172.85878394138;106
4628;13172.85878394138;106
4629;13288.270518764266;107
4630;13172.85878394138;106
4631;13310.39569085446;107
4632;13172.85878394138;106
4633;13172.85878394138;106
4634;13175.698399123643;109
4635;13172.85878394138;106
4636;13275.576012238684;107
4637;13172.85878394138;106
4638;13172.85878394138;106
4639;13267.09286785696;107
4640;13172.85878394138;106
4641;13172.85878394138;106
4642;13172.85878394138;106
4643;13162.349363815836;106
4644;13358.351582022946;109
4645;13172.85878394138;106
4646;13166.538564572693;106
4647;13255.541360012803;107
4648;13172.85878394138;106
4649;13172.85878394138;106
4650;13172.85878394138;106
4651;13199.63532714416;106
4652;13172.85878394138;106
4653;13172.85878394138;106
4654;13282.043701121176;107
4655;13275.638266176682;107
4656;13298.913821355973;107
4657;13212.812019132763;108
4658;13312.73982617822;107
4659;13172.85878394138;106
4660;13143.718872403037;106
4661;13127.468811564819;108
4662;13172.85878394138;106
4663;13172.85878394138;106
4664;13172.85878394138;106
4665;13172.85878394138;106
4666;13170.58119440948;106
4667;13346.843636202779;108
4668;13172.85878394138;106
4669;13172.85878394138;106
4670;13258.86755806621;107
4671;13172.85878394138;106
4672;13158.227265234469;106
4673;13118.571714501797;108
4674;13172.85878394138;106
4675;13276.466232452321;107
4676;13172.85878394138;106
4677;13185.066823419324;107
4678;13172.85878394138;106
4679;13226.776940248392;108
4680;13305.552515025003;107
4681;13115.806720339204;107
4682;13254.281996966676;107
4683;13172.85878394138;106
4684;13172.85878394138;106
4685;13266.526574603218;107
4686;13062.70292360348;106
4687;13088.821334002234;106
4688;13298.913821355973;107
4689;13172.85878394138;106
4690;13161.507995540906;107
4691;13172.85878394138;106
4692;13172.85878394138;106
4693;13172.85878394138;106
4694;13287.839106336574;107
4695;13374.591995028934;110
4696;13185.502359711463;107
4697;13275.638266176682;107
4698;13172.85878394138;106
4699;13271.117282591013;107
4700;13182.438285897517;107
4701;13088.821334002234;106
4702;13172.85878394138;106
4703;13283.566909668973;109
4704;13225.674117221572;107
4705;13172.85878394138;106
4706;13255.3691604699;107
4707;13346.134891093723;108
4708;13416.17430308857;109
4709;13343.141789439203;112
4710;13488.82804771354;111
4711;13511.584665512033;111
4712;13494.993751899296;113
4713;13671.368576186085;113
4714;13488.82804771354;111
4715;13409.348233018252;111
4716;13378.56442223025;113
4717;13425.307867285379;111
4718;13433.775721609742;112
4719;13276.73974870707;107
4720;13172.85878394138;106
4721;13471.065564885976;109
4722;13172.85878394138;106
4723;13275.701013617534;107
4724;13088.821334002234;106
4725;13152.877518336645;106
4726;13172.85878394138;106
4727;13313.337318805443;107
4728;13328.088224539533;107
4729;13172.85878394138;106
4730;13172.85878394138;106
4731;13292.970272570661;107
4732;13172.85878394138;106
4733;13276.939979033055;107
4734;13172.85878394138;106
4735;13459.322223790808;108
4736;13172.85878394138;106
4737;13343.89516492989;107
4738;13152.872738127893;106
4739;13390.221964120687;108
4740;13142.105787660163;106
4741;13235.750757024907;107
4742;13172.85878394138;106
4743;13182.438285897517;107
4744;13172.85878394138;106
4745;13185.054335262226;108
4746;13367.594625256559;108
4747;13152.845383288937;106
4748;13172.85878394138;106
4749;13213.763199043522;106
4750;13172.85878394138;106
4751;13102.868998758659;106
4752;13200.099509708003;108
4753;13165.538614068055;108
4754;13172.85878394138;106
4755;13172.85878394138;106
4756;13172.85878394138;106
4757;13285.316267311593;108
4758;13277.640696949356;107
4759;13314.672770244848;107
4760;13172.85878394138;106
4761;13172.85878394138;106
4762;13158.219158611566;106
4763;13172.85878394138;106
4764;13172.85878394138;106
4765;13172.85878394138;106
4766;13274.033795448398;107
4767;13306.15893165814;107
4768;13172.85878394138;106
4769;13338.536987999069;107
4770;13172.85878394138;106
4771;13172.85878394138;106
4772;13249.570684392304;108
4773;13280.92878884329;107
4774;13172.85878394138;106
4775;13287.610640447165;108
4776;13237.741732669829;108
4777;13172.85878394138;106
4778;13172.85878394138;106
4779;13156.490995382814;109
4780;13172.85878394138;106
4781;13172.85878394138;106
4782;13264.909630746866;107
4783;13246.749876617665;107
4784;13501.287067955089;111
4785;13300.046783409149;108
4786;13172.85878394138;106
4787;13172.85878394138;106
4788;13172.85878394138;106
4789;13172.85878394138;106
4790;13245.472373477032;108
4791;13172.85878394138;106
4792;13156.044924089723;106
4793;13189.165292184061;106
4794;13402.331465362247;111
4795;13172.85878394138;106
4796;13172.85878394138;106
4797;13172.85878394138;106
4798;13172.85878394138;106
4799;13172.85878394138;106
4800;13217.70134532292;106
4801;13172.85878394138;106
4802;13172.85878394138;106
4803;13386.333500193581;109
4804;13172.85878394138;106
4805;13294.725934452092;107
4806;13192.140650579428;108
4807;13276.186200934702;108
4808;13292.970272570661;107
4809;13170.71611184945;106
4810;13172.85878394138;106
4811;13172.85878394138;106
4812;13313.361003616028;107
4813;13117.660778848625;106
4814;13299.004471081425;107
4815;13220.800398429601;107
4816;13157.319848308536;106
4817;13172.85878394138;106
4818;13170.58119440948;106
4819;13139.971319341366;106
4820;13392.73157616171;111
4821;13373.955627874251;111
4822;13356.46061227209;113
4823;13431.474541754107;111
4824;13282.242312074524;108
4825;13117.884938473368;106
4826;13143.454775270367;107
4827;13158.227265234469;106
4828;13172.85878394138;106
4829;13255.264306205723;107
4830;13112.163155953924;106
4831;13406.080125057315;111
4832;13406.080125057315;111
4833;13334.781864074075;110
4834;13159.244353696244;107
4835;13134.227714646175;106
4836;13134.227714646175;106
4837;13180.60791913888;108
4838;13268.871802114956;107
4839;13223.068315218816;107
4840;13347.136295434873;109
4841;13134.227714646175;106
4842;13243.825291797652;107
4843;13134.227714646175;106
4844;13275.823997649537;107
4845;13147.818219528124;106
4846;13131.923744483021;107
4847;13113.643913892976;106
4848;13236.843796441335;107
4849;13134.227714646175;106
4850;13120.59390490967;108
4851;13211.3649971025;107
4852;13134.227714646175;106
4853;13059.627460425309;106
4854;13417.056156848008;109
4855;13449.544268061192;108
4856;13134.227714646175;106
4857;13113.428477953741;106
4858;13134.227714646175;106
4859;13059.792319817421;106
4860;13134.227714646175;106
4861;13134.227714646175;106
4862;13279.950417725824;107
4863;13134.227714646175;106
4864;13278.434210194288;107
4865;13204.393502782159;109
4866;13170.20135811774;107
4867;13112.708738631145;106
4868;13275.734858296608;109
4869;13134.227714646175;106
4870;13237.53877351822;107
4871;13113.49157131138;106
4872;13134.227714646175;106
4873;13122.916376586321;108
4874;13350.930349694416;108
4875;13173.529714984954;108
4876;13389.188870726099;108
4877;13134.227714646175;106
4878;13134.227714646175;106
4879;13200.086588909184;108
4880;13134.227714646175;106
4881;13134.227714646175;106
4882;13190.041118039122;107
4883;13134.227714646175;106
4884;13185.13418720186;107
4885;13134.227714646175;106
4886;13134.227714646175;106
4887;13417.056156848008;109
4888;13134.227714646175;106
4889;13270.898667826465;107
4890;13265.14083866731;107
4891;13134.227714646175;106
4892;13134.227714646175;106
4893;13134.227714646175;106
4894;13180.453653163508;107
4895;13275.734858296608;109
4896;13114.41074507177;106
4897;13164.738132903713;108
4898;13134.227714646175;106
4899;13134.227714646175;106
4900;13134.227714646175;106
4901;13134.227714646175;106
4902;13120.59390490967;108
4903;13190.436987956307;107
4904;13134.227714646175;106
4905;13134.227714646175;106
4906;13102.210028832375;106
4907;13045.123585764824;106
4908;13234.890802195421;107
4909;13134.227714646175;106
4910;13134.227714646175;106
4911;13187.696954056126;107
4912;13134.227714646175;106
4913;13295.689239934823;109
4914;13134.227714646175;106
4915;13059.707887535616;106
4916;13113.55202223608;106
4917;13253.222450554615;107
4918;13033.535262907835;107
4919;13134.227714646175;106
4920;13156.403720061611;108
4921;13134.227714646175;106
4922;13211.3649971025;107
4923;13179.802678162125;108
4924;13315.998399226544;108
4925;13114.423781070376;106
4926;13350.65655459977;108
4927;13127.980344255402;106
4928;13134.227714646175;106
4929;13169.27743813411;108
4930;13134.227714646175;106
4931;13134.227714646175;106
4932;13170.017285122525;106
4933;13307.679901232412;109
4934;13134.227714646175;106
4935;13134.227714646175;106
4936;13119.785102509075;106
4937;13134.227714646175;106
4938;13114.2196768631;106
4939;13243.205979686933;107
4940;13255.640465094168;107
4941;13243.024884009596;107
4942;13253.763403105426;107
4943;13134.227714646175;106
4944;13251.166840194632;107
4945;13134.227714646175;106
4946;13114.225742467783;106
4947;13134.227714646175;106
4948;13134.227714646175;106
4949;13134.227714646175;106
4950;13252.902025455303;107
4951;13251.166840194632;107
4952;13134.227714646175;106
4953;13134.227714646175;106
4954;13135.521936743355;107
4955;13271.0188473056;107
4956;13073.635815134154;106
4957;13134.227714646175;106
4958;13114.194660753576;106
4959;13284.48945897676;109
4960;13119.81209291717;106
4961;13183.546248387438;110
4962;13240.252981056894;108
4963;13255.556391040765;108
4964;13250.813043743294;108
4965;13371.77836383636;110
4966;13452.457068630774;115
4967;13418.804074954072;114
4968;13484.63774823019;114
4969;13655.231342946938;115
4970;13417.83809676318;114
4971;13439.649138431141;115
4972;13512.585694984235;111
4973;13519.221119353744;113
4974;13531.271448714751;111
4975;13483.510747890366;109
4976;13415.32916563428;108
4977;13394.496856188342;110
4978;13508.643351426479;110
4979;13351.209516195842;109
4980;13099.228164296279;108
4981;13302.414844845294;107
4982;13045.727889589016;107
4983;13225.5660524345;107
4984;13048.898290574822;108
4985;13096.861411148131;106
4986;13225.5660524345;107
4987;13225.5660524345;107
4988;13157.59067445223;107
4989;13205.371787976206;107
4990;13208.674675637234;107
4991;13286.624866688106;109
4992;13044.750391353617;110
4993;13095.799799082155;106
4994;13186.379860458597;108
4995;13173.787432446115;109
4996;13276.759963154454;107
4997;13425.340182690992;110
4998;13233.63678153895;109
4999;13298.861130245015;107
5000;13365.964147836754;109
5001;13159.16038250428;106
5002;13159.16038250428;106
5003;13072.684884423059;106
5004;13159.16038250428;106
5005;13287.3552067276;107
5006;13159.16038250428;106
5007;13159.16038250428;106
5008;13159.16038250428;106
5009;13113.77041012772;108
5010;13299.908343321957;107
5011;13159.16038250428;106
5012;13131.357818102186;106
5013;13159.16038250428;106
5014;13159.16038250428;106
5015;13159.16038250428;106
5016;13159.16038250428;106
5017;13159.16038250428;106
5018;13159.16038250428;106
5019;13203.53214485246;107
5020;13159.16038250428;106
5021;13159.16038250428;106
5022;13157.93379056117;108
5023;13159.16038250428;106
5024;13194.150009603653;106
5025;13268.134411353883;108
5026;13159.16038250428;106
5027;13228.004728676053;107
5028;13275.23768532837;107
5029;13122.179815188796;106
5030;13159.16038250428;106
5031;13159.16038250428;106
5032;13159.16038250428;106
5033;13049.779455470918;106
5034;13169.41737866896;107
5035;13156.89261931444;106
5036;13088.266008882021;106
5037;13174.728929326584;108
5038;13386.742732140316;112
5039;13582.574178557152;116
5040;13517.130891396384;116
5041;13561.143184903238;117
5042;13444.084164266791;118
5043;13652.917893041043;114
5044;13528.942995902587;112
5045;13484.713705916847;115
5046;13292.85027162234;119
5047;13567.461078755523;113
5048;13341.69826495317;112
5049;13267.913195810406;113
5050;13268.944504235633;107
5051;13088.78555635558;106
5052;13233.649424475649;107
5053;13249.947223163234;106
5054;13249.947223163234;106
5055;13193.100656256109;106
5056;13466.18458955524;109
5057;13261.750298258195;106
5058;13244.545911356228;106
5059;13227.916017878235;106
5060;13261.750298258195;106
5061;13261.750298258195;106
5062;13249.947223163234;106
5063;13225.265247868174;106
5064;13272.547817287503;108
5065;13002.036496300712;108
5066;13262.415474056143;107
5067;13225.265247868174;106
5068;13222.115618900547;106
5069;13162.649532742349;106
5070;13222.115618900547;106
5071;13117.001444577962;106
5072;13225.265247868174;106
5073;13221.621297930911;106
5074;13203.883887661597;106
5075;13207.931185893702;106
5076;13245.420112548396;106
5077;13120.956044152774;105
5078;13059.38383253389;105
5079;13179.07851249482;108
5080;13171.570779329446;106
5081;13120.956044152774;105
5082;13120.956044152774;105
5083;13100.257726473377;105
5084;13120.956044152774;105
5085;13124.256496522428;105
5086;13117.551124877862;106
5087;13486.130116391038;110
5088;13420.129069102886;111
5089;13427.001299836425;110
5090;13264.27325342347;109
5091;13427.001299836425;110
5092;13332.419269129767;109
5093;13340.450619129908;110
5094;13424.592587487172;111
5095;13456.400272909379;110
5096;13484.145531636352;111
5097;13385.46556807416;110
5098;13644.289795690964;114
5099;13580.817946288951;117
5100;13403.221905386517;113
5101;13486.162104945482;112
5102;13449.256851561546;114
5103;13574.080884162193;114
5104;13446.503597457953;124
5105;13436.867367635276;113
5106;13415.20774676818;114
5107;13367.652767499274;113
5108;13330.931419798411;115
5109;13119.32851332207;107
5110;13252.208157806133;107
5111;13390.354663541699;109
5112;13307.522054621166;107
5113;13125.154865180335;106
5114;13125.154865180335;106
5115;13336.869161289571;108
5116;13216.125875077798;107
5117;13142.02451859308;109
5118;13352.1538518841;108
5119;13186.369807656107;107
5120;13125.154865180335;106
5121;13075.216930563853;107
5122;13125.154865180335;106
5123;13125.154865180335;106
5124;13125.154865180335;106
5125;13176.061454923014;106
5126;13125.154865180335;106
5127;13125.154865180335;106
5128;13302.829880755844;108
5129;13247.650253244237;108
5130;13245.73446970185;108
5131;13247.223871483524;107
5132;13110.051620888422;106
5133;13300.606988822885;108
5134;13259.193273754567;107
5135;13340.454031915395;109
5136;13195.441610913767;106
5137;13208.20858526066;108
5138;13338.643010113163;107
5139;13416.707856847497;108
5140;13125.154865180335;106
5141;13203.556738704388;107
5142;13229.098480878862;109
5143;13281.593025003875;107
5144;13281.593025003875;107
5145;13239.32232495955;110
5146;13159.044983682505;107
5147;13164.6108630347;111
5148;13281.593025003875;107
5149;13184.318342426044;110
5150;13208.194314051712;107
5151;13244.788314708301;109
5152;13239.908285454227;108
5153;13159.044983682505;107
5154;13281.593025003875;107
5155;13159.044983682505;107
5156;13342.354304957153;109
5157;13284.148235974288;108
5158;13405.748425401336;115
5159;13281.593025003875;107
5160;13204.83880451367;108
5161;13281.593025003875;107
5162;13261.674216158493;107
5163;13159.044983682505;107
5164;13257.777910494497;108
5165;13281.593025003875;107
5166;13281.593025003875;107
5167;13257.777910494497;108
5168;13281.593025003875;107
5169;13088.790266559621;107
5170;13281.593025003875;107
5171;13281.593025003875;107
5172;13223.990835488308;108
5173;13303.70647659997;108
5174;13327.456340417499;109
5175;13583.68021257634;115
5176;13192.543417822902;110
5177;13272.856614788645;108
5178;13278.478048581694;107
5179;13192.164891417844;107
5180;13281.593025003875;107
5181;13206.460424858264;107
5182;13229.098480878862;109
5183;13202.608332949683;109
5184;13248.946204946533;107
5185;13050.833576668952;106
5186;13112.104320580123;106
5187;13050.833576668952;106
5188;13263.702247739799;108
5189;13024.853353084503;106
5190;13050.833576668952;106
5191;13230.72421526936;107
5192;13050.833576668952;106
5193;13129.265769331781;107
5194;13111.3058070879;106
5195;13111.3058070879;106
5196;13224.443746094792;107
5197;13218.389629700323;107
5198;13224.443746094792;107
5199;13224.443746094792;107
5200;13272.961667986761;108
5201;13297.46458809068;110
5202;13245.720472492447;107
5203;13076.733743629671;106
5204;13224.443746094792;107
5205;13224.443746094792;107
5206;13396.390098959393;110
5207;13224.443746094792;107
5208;13144.85619945728;109
5209;13437.685920226535;110
5210;13259.427083055967;108
5211;13151.316679724268;106
5212;13151.316679724268;106
5213;13151.316679724268;106
5214;13185.977069636085;107
5215;13276.42586655516;107
5216;13354.894281988032;108
5217;13276.42586655516;107
5218;13327.77488268004;108
5219;13508.056164023279;110
5220;13163.84240191035;108
5221;13453.917642823793;108
5222;13233.23504184514;111
5223;13236.809534716733;107
5224;13276.42586655516;107
5225;13276.42586655516;107
5226;13276.42586655516;107
5227;13314.537105860276;108
5228;13152.403004225373;107
5229;13184.93511107888;107
5230;13276.42586655516;107
5231;13276.42586655516;107
5232;13276.42586655516;107
5233;13498.83331069345;110
5234;13472.34674547048;110
5235;13472.34674547048;110
5236;13472.34674547048;110
5237;13472.34674547048;110
5238;13464.958914119727;110
5239;13472.34674547048;110
5240;13472.34674547048;110
5241;13472.34674547048;110
5242;13472.34674547048;110
5243;13447.463684701912;111
5244;13466.859735960374;112
5245;13472.34674547048;110
5246;13472.34674547048;110
5247;13472.34674547048;110
5248;13409.709664155103;110
5249;13488.13295857577;110
5250;13395.970326284;112
5251;13325.367139693142;117
5252;13271.306010935432;113
5253;13497.836421474864;116
5254;13423.183228632137;114
5255;13599.368966010139;113
5256;13512.222121276605;112
5257;13475.019569594971;111
5258;13498.908688597992;111
5259;13307.539814069603;109
5260;13225.478198173942;107
5261;13055.05317460213;106
5262;13176.02450428546;108
5263;13188.312073811996;107
5264;13263.148850181256;109
5265;13174.98248904077;109
5266;13188.312073811996;107
5267;13188.312073811996;107
5268;13188.312073811996;107
5269;13061.745383047255;107
5270;13197.51627883203;107
5271;13188.312073811996;107
5272;13152.968728927965;108
5273;13101.614120465341;107
5274;13374.996566312502;109
5275;13089.855183233816;106
5276;13103.487373020884;106
5277;13188.312073811996;107
5278;13141.91390081963;107
5279;13120.492629119468;107
5280;13204.586107723077;107
5281;13103.487373020884;106
5282;13570.557925117504;113
5283;13235.43079880665;112
5284;13148.113592613227;106
5285;13102.160307411232;106
5286;13127.604035013994;109
5287;13156.863597996447;108
5288;13277.991416961631;107
5289;13277.991416961631;107
5290;13128.135853222051;106
5291;13148.113592613227;106
5292;13148.113592613227;106
5293;13135.70189081598;106
5294;13194.925836522592;107
5295;13275.834792466725;108
5296;13161.738136595495;106
5297;13560.150696585859;111
5298;13236.47165764059;107
5299;13258.738386153007;109
5300;13168.348138152183;107
5301;13148.113592613227;106
5302;13089.363285511557;106
5303;13119.528224399108;108
5304;13261.904002195653;109
5305;13148.113592613227;106
5306;13204.323222263702;107
5307;13077.312226499433;106
5308;12898.074794206597;105
5309;13148.113592613227;106
5310;13160.406923577932;106
5311;13131.161160553953;106
5312;13148.113592613227;106
5313;13148.113592613227;106
5314;13143.38208537185;109
5315;13148.113592613227;106
5316;13235.659388570562;108
5317;13257.820477355883;108
5318;13148.113592613227;106
5319;13165.262677238108;107
5320;13130.60108619904;106
5321;13148.113592613227;106
5322;13277.991416961631;107
5323;13277.991416961631;107
5324;13268.401460737081;108
5325;13175.744911750844;107
5326;13146.253719856997;109
5327;13277.991416961631;107
5328;13277.991416961631;107
5329;13277.991416961631;107
5330;13192.99833983661;108
5331;13222.88513357196;108
5332;12998.911829467484;105
5333;13277.991416961631;107
5334;13187.71724995741;107
5335;13277.991416961631;107
5336;13081.47144155879;106
5337;13126.053869037074;106
5338;13254.825290911294;107
5339;13362.457531191772;109
5340;13089.324612711698;106
5341;13271.617455100622;109
5342;13146.594329280546;106
5343;13277.991416961631;107
5344;13134.884001049104;106
5345;13047.34739881386;105
5346;13223.70434752205;109
5347;13277.991416961631;107
5348;13359.65059685195;110
5349;13234.082834808278;107
5350;13149.363524230932;108
5351;13277.991416961631;107
5352;13277.991416961631;107
5353;13277.991416961631;107
5354;12995.313036883672;106
5355;13277.991416961631;107
5356;13277.991416961631;107
5357;13098.363127318818;107
5358;13082.673868884503;106
5359;13468.829474205811;111
5360;13277.991416961631;107
5361;13277.991416961631;107
5362;13356.555713518088;108
5363;13137.064472311584;106
5364;13310.85085621419;108
5365;13277.991416961631;107
5366;13023.327782483662;105
5367;13086.280833869556;106
5368;13111.156406977474;106
5369;13277.991416961631;107
5370;13277.991416961631;107
5371;13277.991416961631;107
5372;13127.892255698274;106
5373;13162.326742269403;106
5374;13234.198884851263;108
5375;13270.81770260486;109
5376;13277.991416961631;107
5377;13082.757995001595;106
5378;13265.857474341696;107
5379;13277.991416961631;107
5380;13277.991416961631;107
5381;13277.991416961631;107
5382;12996.202195264137;105
5383;13234.282933800809;107
5384;13293.639369627172;107
5385;13277.991416961631;107
5386;13277.991416961631;107
5387;13166.99790045469;106
5388;13277.991416961631;107
5389;13277.991416961631;107
5390;13234.352101448101;107
5391;13277.991416961631;107
5392;13277.991416961631;107
5393;13163.201203882954;106
5394;13178.77092151755;107
5395;13220.392035912904;107
5396;13104.844390975815;107
5397;13277.991416961631;107
5398;13038.977569414246;106
5399;13253.108356193063;108
5400;13210.967131401667;107
5401;13277.991416961631;107
5402;13094.786063093492;106
5403;13277.991416961631;107
5404;13277.991416961631;107
5405;13241.18670666606;109
5406;13277.991416961631;107
5407;13186.597806163047;106
5408;13134.041538512134;107
5409;13019.53538368139;108
5410;13277.991416961631;107
5411;13128.974298851605;106
5412;13511.113920374948;111
5413;13511.113920374948;111
5414;13511.113920374948;111
5415;13511.113920374948;111
5416;13581.986686801043;117
5417;13270.139893315067;110
5418;13269.939078620188;110
5419;13223.91939213207;110
5420;13358.436244812105;111
5421;13123.166416095972;110
5422;13597.483827892273;115
5423;13331.97058216785;118
5424;13347.23226240601;113
5425;13175.327779316716;107
5426;13178.00603164208;107
5427;13293.281241588555;112
5428;13496.253812736011;112
5429;13469.766966944982;114
5430;13152.977772358636;108
5431;13208.771223301534;109
5432;13132.229429446472;107
5433;13215.536523312529;107
5434;13222.756705464708;107
5435;13054.459934530381;106
5436;13258.522272185772;108
5437;13647.901816786225;114
5438;13433.736765495874;108
5439;13328.07532687123;108
5440;13433.736765495874;108
5441;13240.958296161589;111
5442;13118.902827508615;106
5443;13325.070770782493;110
5444;13249.947223163234;106
5445;13243.034877745959;106
5446;13221.275352144845;106
5447;13201.177476303705;106
5448;13221.177483422596;106
5449;13201.302220843825;106
5450;13218.826996195521;106
5451;13221.177483422596;106
5452;13221.177483422596;106
5453;13221.177483422596;106
5454;13221.177483422596;106
5455;13221.177483422596;106
5456;13296.094973039808;106
5457;13221.177483422596;106
5458;13221.177483422596;106
5459;13270.49764188986;107
5460;13261.750298258195;106
5461;13261.750298258195;106
5462;13149.625277906855;106
5463;13261.750298258195;106
5464;13153.240355995815;106
5465;13324.10741369891;107
5466;13096.628191600172;105
5467;13151.67535379052;106
5468;13145.423372861616;106
5469;13320.141836490317;109
5470;13145.423372861616;106
5471;13125.551425729202;106
5472;13344.052417085079;108
5473;13109.002792097997;107
5474;13125.624761126988;106
5475;13239.421926393788;107
5476;13229.619658948599;107
5477;13145.423372861616;106
5478;13313.448118328104;107
5479;13230.180768835371;106
5480;13096.628191600172;105
5481;13145.423372861616;106
5482;13234.1080208005;106
5483;13225.265247868174;106
5484;13258.261237004135;106
5485;13240.635721245475;106
5486;13261.750298258195;106
5487;13047.92008984401;106
5488;13261.750298258195;106
5489;13261.750298258195;106
5490;13261.750298258195;106
5491;13392.101197227836;107
5492;13338.410532512587;108
5493;13243.046540761283;106
5494;13261.750298258195;106
5495;13261.750298258195;106
5496;13261.750298258195;106
5497;13261.750298258195;106
5498;13245.546787844536;107
5499;13487.189274315686;108
5500;13261.750298258195;106
5501;13371.994528935464;107
5502;13500.113195247155;107
5503;13384.189073752774;110
5504;13261.750298258195;106
5505;13261.750298258195;106
5506;13486.925205519701;110
5507;13261.750298258195;106
5508;13261.750298258195;106
5509;13261.750298258195;106
5510;13261.750298258195;106
5511;13261.750298258195;106
5512;13261.750298258195;106
5513;13210.46553350048;108
5514;13261.750298258195;106
5515;13213.50072001925;106
5516;13205.991391622658;106
5517;13261.750298258195;106
5518;13326.253234825534;107
5519;13261.750298258195;106
5520;13261.750298258195;106
5521;13091.142643044137;105
5522;13261.750298258195;106
5523;13261.750298258195;106
5524;13261.750298258195;106
5525;13261.750298258195;106
5526;13261.750298258195;106
5527;13261.750298258195;106
5528;13324.10741369891;107
5529;13261.750298258195;106
5530;13241.3526452321;106
5531;13186.09813257675;106
5532;13241.23604803812;106
5533;13209.333355810764;107
5534;13551.087139543148;113
5535;13551.087139543148;113
5536;13551.087139543148;113
5537;13258.895501170091;109
5538;13205.700182883395;107
5539;13075.690625277679;108
5540;13257.610253773231;107
5541;13088.78555635558;106
5542;13611.62127134553;112
5543;13518.981467635454;113
5544;13205.700182883395;107
5545;13253.767365495516;107
5546;13347.425560404556;113
5547;13127.66258076931;107
5548;13494.81928451883;114
5549;13236.665268220611;108
5550;13233.638487732493;108
5551;13233.638487732493;108
5552;13233.638487732493;108
5553;13233.638487732493;108
5554;13290.013650259689;109
5555;13233.638487732493;108
5556;13175.629891834818;110
5557;13295.896671134125;116
5558;13076.120213515978;109
5559;13194.785231628854;109
5560;13016.441677224779;108
5561;13016.441677224779;108
5562;13159.56149514936;112
5563;13345.908655500432;113
5564;13145.561672748057;108
5565;13072.908371851623;109
5566;13475.845840254775;115
5567;13499.653716284884;112
5568;13256.123845242808;110
5569;13515.018541325524;111
5570;13488.455419364618;111
5571;13430.481397091387;111
5572;13238.884433332147;109
5573;13305.264163490674;108
5574;13400.106324617296;109
5575;13305.264163490674;108
5576;13300.854298041213;108
5577;13226.781373045233;108
5578;13213.753165386594;108
5579;13204.199470937045;107
5580;13334.16854152711;109
5581;13200.151366240896;109
5582;13276.165595945244;107
5583;13276.165595945244;107
5584;13276.165595945244;107
5585;13276.165595945244;107
5586;13276.165595945244;107
5587;13239.28689644156;112
5588;13072.308636776757;108
5589;13290.491514576515;107
5590;13312.461600965102;107
5591;13227.75232444067;108
5592;13277.847902607427;108
5593;13319.421200881368;107
5594;13337.925684767128;107
5595;13343.189739468544;107
5596;13303.298534720143;110
5597;13321.16369606511;107
5598;13337.925684767128;107
5599;13287.068026193545;107
5600;13434.320567093047;109
5601;13307.98909684778;108
5602;13319.41885857418;107
5603;13336.659536168812;109
5604;13337.925684767128;107
5605;13337.925684767128;107
5606;13337.925684767128;107
5607;13261.97970398013;109
5608;13332.818217706215;108
5609;13321.287954219782;107
5610;13427.96644980151;110
5611;13268.812492602185;107
5612;13263.572031956412;107
5613;13231.96722265416;106
5614;13355.62520553096;109
5615;13165.799218672375;108
5616;13305.46748268788;108
5617;13337.925684767128;107
5618;13183.927382981521;108
5619;13362.782394165159;109
5620;13337.925684767128;107
5621;13300.79381184714;107
5622;13278.03753230777;107
5623;13343.189739468544;107
5624;13337.925684767128;107
5625;13293.334213460445;107
5626;13337.925684767128;107
5627;13221.619691784164;106
5628;13337.925684767128;107
5629;13317.957304650441;107
5630;13381.41508705884;108
5631;13337.925684767128;107
5632;13337.925684767128;107
5633;13302.962510264393;109
5634;13448.4301801132;109
5635;13337.925684767128;107
5636;13337.925684767128;107
5637;13318.417289274403;107
5638;13347.134344003554;108
5639;13412.818449836179;108
5640;13337.925684767128;107
5641;13366.149429328605;108
5642;13319.407624697393;107
5643;13233.73189158271;106
5644;13337.925684767128;107
5645;13337.925684767128;107
5646;13337.925684767128;107
5647;13308.507296735566;109
5648;13317.948053730757;107
5649;13337.925684767128;107
5650;13337.925684767128;107
5651;13287.722026959873;108
5652;13337.925684767128;107
5653;13332.416084786444;107
5654;13337.925684767128;107
5655;13337.925684767128;107
5656;13337.925684767128;107
5657;13337.925684767128;107
5658;13192.949392885557;108
5659;13337.925684767128;107
5660;13394.913369628732;108
5661;13445.086226446892;110
5662;13319.42172399038;107
5663;13249.674378887503;107
5664;13337.925684767128;107
5665;13321.627886079546;108
5666;13426.087146292706;108
5667;13337.925684767128;107
5668;13337.925684767128;107
5669;13337.925684767128;107
5670;13337.925684767128;107
5671;13434.810905193019;108
5672;13280.690073610102;109
5673;13337.925684767128;107
5674;13319.388147923106;107
5675;13317.380785659245;107
5676;13546.489501791182;110
5677;13456.853468850819;108
5678;13337.925684767128;107
5679;13337.925684767128;107
5680;13337.925684767128;107
5681;13337.925684767128;107
5682;13337.925684767128;107
5683;13317.380785659245;107
5684;13337.925684767128;107
5685;13337.925684767128;107
5686;13337.925684767128;107
5687;13337.925684767128;107
5688;13336.211274034209;108
5689;13311.492579124002;109
5690;13323.688282092051;108
5691;13445.592020489215;108
5692;13337.925684767128;107
5693;13407.76906204411;109
5694;13337.925684767128;107
5695;13337.925684767128;107
5696;13284.61943883864;108
5697;13337.925684767128;107
5698;13321.140109230504;107
5699;13337.925684767128;107
5700;13317.948053730757;107
5701;13412.723636561068;108
5702;13292.57733859767;107
5703;13337.925684767128;107
5704;13337.925684767128;107
5705;13322.791841924796;107
5706;13337.925684767128;107
5707;13317.860166769467;107
5708;13337.925684767128;107
5709;13337.925684767128;107
5710;13337.925684767128;107
5711;13236.004247591802;107
5712;13312.461600965102;107
5713;13328.740297357048;110
5714;13337.925684767128;107
5715;13413.632091305411;109
5716;13227.483817758253;107
5717;13337.925684767128;107
5718;13281.55756600958;107
5719;13446.468228445394;108
5720;13337.925684767128;107
5721;13337.925684767128;107
5722;13337.925684767128;107
5723;13313.439332064974;107
5724;13337.925684767128;107
5725;13267.921374267771;107
5726;13337.925684767128;107
5727;13337.925684767128;107
5728;13461.321903024638;108
5729;13337.925684767128;107
5730;13337.925684767128;107
5731;13437.946189572845;108
5732;13265.908152494547;108
5733;13290.12887126196;107
5734;13150.34716941981;108
5735;13227.483817758253;107
5736;13367.445731451855;108
5737;13466.620132325976;108
5738;13337.925684767128;107
5739;13319.407624697393;107
5740;13185.836889630307;107
5741;13314.415199085195;108
5742;13422.10145846838;108
5743;13290.746719037625;108
5744;13337.925684767128;107
5745;13321.180708843869;107
5746;13337.925684767128;107
5747;13439.896097753151;108
5748;13388.015863862742;109
5749;13177.731461610856;107
5750;13440.974701449279;110
5751;13337.925684767128;107
5752;13450.517304811261;108
5753;13290.009072557661;107
5754;13231.445237348771;109
5755;13319.42172399038;107
5756;13337.925684767128;107
5757;13431.088634092257;108
5758;13337.925684767128;107
5759;13337.925684767128;107
5760;13337.925684767128;107
5761;13267.60013009182;107
5762;13337.925684767128;107
5763;13337.925684767128;107
5764;13337.925684767128;107
5765;13337.925684767128;107
5766;13267.806795431085;107
5767;13444.055587164008;109
5768;13331.769958950092;109
5769;13337.925684767128;107
5770;13337.925684767128;107
5771;13337.925684767128;107
5772;13517.168709633748;110
5773;13351.313583989267;108
5774;13337.925684767128;107
5775;13278.321063506304;107
5776;13337.925684767128;107
5777;13337.925684767128;107
5778;13330.514247543062;109
5779;13310.711995127076;107
5780;13337.925684767128;107
5781;13385.52953631049;108
5782;13337.925684767128;107
5783;13337.925684767128;107
5784;13337.925684767128;107
5785;13221.619691784164;106
5786;13319.41885857418;107
5787;13458.994871208073;108
5788;13337.925684767128;107
5789;13337.925684767128;107
5790;13337.925684767128;107
5791;13337.925684767128;107
5792;13267.806795431085;107
5793;13302.916499481336;107
5794;13267.912164561123;107
5795;13337.925684767128;107
5796;13337.925684767128;107
5797;13337.925684767128;107
5798;13125.39731747625;107
5799;13442.771023936915;111
5800;13337.925684767128;107
5801;13361.360936435982;109
5802;13197.079590071231;109
5803;13337.925684767128;107
5804;13337.925684767128;107
5805;13337.925684767128;107
5806;13434.177289195219;111
5807;13337.925684767128;107
5808;13268.584679369784;107
5809;13337.925684767128;107
5810;13340.444281714801;108
5811;13313.27408541147;110
5812;13449.222914278575;108
5813;13331.769958950092;109
5814;13412.723636561068;108
5815;13337.925684767128;107
5816;13140.493206780438;106
5817;13337.925684767128;107
5818;13381.227766353488;108
5819;13337.925684767128;107
5820;13337.925684767128;107
5821;13212.64267690659;109
5822;13337.925684767128;107
5823;13337.925684767128;107
5824;13337.925684767128;107
5825;13337.925684767128;107
5826;13337.925684767128;107
5827;13243.67276473956;107
5828;13273.954092795366;107
5829;13337.925684767128;107
5830;13337.925684767128;107
5831;13249.674378887503;107
5832;13329.406871191552;111
5833;13337.925684767128;107
5834;13197.091332750693;107
5835;13337.925684767128;107
5836;13337.925684767128;107
5837;13291.9512039685;107
5838;13337.925684767128;107
5839;13227.508387037367;108
5840;13267.698706124605;107
5841;13437.946189572845;108
5842;13287.068026193545;107
5843;13337.925684767128;107
5844;13368.55303016495;108
5845;13382.067745593444;108
5846;13337.925684767128;107
5847;13337.925684767128;107
5848;13337.925684767128;107
5849;13278.321063506304;107
5850;13442.703631870809;110
5851;13319.396034984176;107
5852;13337.925684767128;107
5853;13337.925684767128;107
5854;13346.740961954638;107
5855;13337.925684767128;107
5856;13337.925684767128;107
5857;13423.506498996516;108
5858;13337.925684767128;107
5859;13283.618048219043;107
5860;13337.925684767128;107
5861;13426.866474312905;109
5862;13337.925684767128;107
5863;13337.925684767128;107
5864;13292.829494020785;107
5865;13337.925684767128;107
5866;13383.181405684387;108
5867;13337.925684767128;107
5868;13311.492579124002;109
5869;13337.925684767128;107
5870;13319.421600237949;107
5871;13337.925684767128;107
5872;13337.925684767128;107
5873;13337.925684767128;107
5874;13353.765824676879;108
5875;13337.925684767128;107
5876;13337.925684767128;107
5877;13337.925684767128;107
5878;13337.925684767128;107
5879;13337.925684767128;107
5880;13401.127598023026;108
5881;13321.312571084034;107
5882;13337.925684767128;107
5883;13200.968924543924;106
5884;13337.925684767128;107
5885;13337.925684767128;107
5886;13337.925684767128;107
5887;13451.305739224088;111
5888;13337.925684767128;107
5889;13437.875278465348;108
5890;13270.955647225865;107
5891;13337.925684767128;107
5892;13433.000166606425;108
5893;13282.152553423848;108
5894;13451.13568449336;109
5895;13442.478172948364;108
5896;13337.925684767128;107
5897;13337.925684767128;107
5898;13094.86841020982;106
5899;13337.925684767128;107
5900;13337.925684767128;107
5901;13341.977596326926;108
5902;13275.736166196837;107
5903;13337.925684767128;107
5904;13328.623673153023;111
5905;13337.925684767128;107
5906;13337.925684767128;107
5907;13337.925684767128;107
5908;13337.925684767128;107
5909;13337.925684767128;107
5910;13306.384880968599;107
5911;13337.925684767128;107
5912;13337.925684767128;107
5913;13517.168709633748;110
5914;13361.412213371937;107
5915;13261.972673748014;109
5916;13337.925684767128;107
5917;13344.288213934735;111
5918;13267.912164561123;107
5919;13337.925684767128;107
5920;13293.226800784847;107
5921;13337.925684767128;107
5922;13337.925684767128;107
5923;13339.903417625821;109
5924;13293.209739771657;107
5925;13310.621365093468;107
5926;13320.381265393738;107
5927;13337.925684767128;107
5928;13337.925684767128;107
5929;13442.478172948364;108
5930;13357.891764003498;108
5931;13337.925684767128;107
5932;13280.690073610102;109
5933;13337.925684767128;107
5934;13333.651503860003;108
5935;13337.925684767128;107
5936;13337.925684767128;107
5937;13337.925684767128;107
5938;13418.895233021387;108
5939;13228.32865193829;107
5940;13459.913102466344;111
5941;13337.925684767128;107
5942;13320.381265393738;107
5943;13337.925684767128;107
5944;13434.810905193019;108
5945;13337.925684767128;107
5946;13413.907442676094;108
5947;13305.222197150428;110
5948;13317.954705402015;107
5949;13437.639128772205;108
5950;13337.925684767128;107
5951;13397.954349019294;108
5952;13337.925684767128;107
5953;13337.925684767128;107
5954;13337.925684767128;107
5955;13325.638115240596;108
5956;13407.585654163888;108
5957;13337.780975863268;107
5958;13165.533143836152;107
5959;13422.10145846838;108
5960;13267.698706124605;107
5961;13291.9512039685;107
5962;13337.925684767128;107
5963;13453.134495729993;108
5964;13422.10145846838;108
5965;13321.157349889241;107
5966;13337.925684767128;107
5967;13294.967746912043;107
5968;13337.925684767128;107
5969;13337.925684767128;107
5970;13313.37312953836;107
5971;13268.276048296817;107
5972;13337.925684767128;107
5973;13337.925684767128;107
5974;13441.410743580174;108
5975;13337.925684767128;107
5976;13268.02486847437;107
5977;13250.66846112276;107
5978;13351.862607558996;108
5979;13385.434235436229;108
5980;13249.674378887503;107
5981;13308.521676096116;108
5982;13388.964706863531;107
5983;13186.024536211244;107
5984;13337.925684767128;107
5985;13337.925684767128;107
5986;13393.374338689133;108
5987;13319.4220821389;107
5988;13337.925684767128;107
5989;13337.925684767128;107
5990;13372.533563029538;110
5991;13308.507296735566;109
5992;13337.925684767128;107
5993;13337.925684767128;107
5994;13337.925684767128;107
5995;13513.232683060547;109
5996;13337.925684767128;107
5997;13337.925684767128;107
5998;13237.435413447272;107
5999;13319.423994097586;107
6000;13157.103208390023;108
6001;13337.925684767128;107
6002;13406.034891667781;108
6003;13337.925684767128;107
6004;13220.578302556185;107
6005;13337.925684767128;107
6006;13337.925684767128;107
6007;13337.925684767128;107
6008;13399.622160476069;109
6009;13337.925684767128;107
6010;13337.925684767128;107
6011;13278.283016600279;109
6012;13251.846613770951;106
6013;13224.586184693602;107
6014;13337.925684767128;107
6015;13427.945275662743;108
6016;13345.145458092062;108
6017;13337.925684767128;107
6018;13430.872513052765;108
6019;13337.925684767128;107
6020;13435.089015388938;108
6021;13471.603390350725;108
6022;13256.989524463796;108
6023;13400.386606102315;108
6024;13318.417289274403;107
6025;13319.42963282655;107
6026;13337.925684767128;107
6027;13337.925684767128;107
6028;13337.925684767128;107
6029;13250.66846112276;107
6030;13337.925684767128;107
6031;13495.305295392931;110
6032;13319.421918530397;107
6033;13337.925684767128;107
6034;13337.925684767128;107
6035;13301.120974471556;109
6036;13337.925684767128;107
6037;13422.10145846838;108
6038;13337.925684767128;107
6039;13439.163399187179;108
6040;13298.94044074794;108
6041;13317.867170775145;107
6042;13264.024270971571;107
6043;13350.390895950868;108
6044;13337.925684767128;107
6045;13337.925684767128;107
6046;13337.925684767128;107
6047;13337.925684767128;107
6048;13337.925684767128;107
6049;13348.550123467665;108
6050;13314.933691051425;108
6051;13320.518379829424;107
6052;13337.925684767128;107
6053;13337.925684767128;107
6054;13337.925684767128;107
6055;13337.925684767128;107
6056;13274.567152213604;107
6057;13252.393897803706;107
6058;13311.492579124002;109
6059;13337.925684767128;107
6060;13233.040665147812;108
6061;13447.664967808661;108
6062;13337.925684767128;107
6063;13434.872257771;108
6064;13337.925684767128;107
6065;13168.066332116987;109
6066;13337.925684767128;107
6067;13513.232683060547;109
6068;13227.830373812587;108
6069;13337.925684767128;107
6070;13354.129446141907;109
6071;13337.925684767128;107
6072;13337.925684767128;107
6073;13337.925684767128;107
6074;13448.221197555256;109
6075;13337.925684767128;107
6076;13362.782394165159;109
6077;13358.696850359718;109
6078;13322.791841924796;107
6079;13337.925684767128;107
6080;13388.75017123979;111
6081;13302.916499481336;107
6082;13444.055587164008;109
6083;13321.140109230504;107
6084;13337.925684767128;107
6085;13398.917558703539;109
6086;13434.810905193019;108
6087;13337.925684767128;107
6088;13320.524559155989;107
6089;13313.118049120245;108
6090;13387.101287078498;110
6091;13337.925684767128;107
6092;13434.899910818356;108
6093;13223.345386955594;107
6094;13337.925684767128;107
6095;13337.925684767128;107
6096;13413.907442676094;108
6097;13337.925684767128;107
6098;13337.925684767128;107
6099;13321.177365431507;107
6100;13337.925684767128;107
6101;13337.925684767128;107
6102;13337.925684767128;107
6103;13337.925684767128;107
6104;13337.925684767128;107
6105;13337.925684767128;107
6106;13321.30156037776;107
6107;13337.925684767128;107
6108;13337.925684767128;107
6109;13319.421200881368;107
6110;13311.492579124002;109
6111;13337.925684767128;107
6112;13337.925684767128;107
6113;13370.784160168867;108
6114;13390.403700980653;108
6115;13220.873600119286;107
6116;13337.925684767128;107
6117;13337.925684767128;107
6118;13381.684762800558;108
6119;13337.925684767128;107
6120;13298.353666061059;107
6121;13354.716979806028;109
6122;13306.929128681688;109
6123;13337.925684767128;107
6124;13294.145338064482;107
6125;13337.925684767128;107
6126;13317.849874512958;107
6127;13337.925684767128;107
6128;13313.37312953836;107
6129;13337.925684767128;107
6130;13221.619691784164;106
6131;13304.056694456747;109
6132;13337.925684767128;107
6133;13337.925684767128;107
6134;13337.925684767128;107
6135;13264.024270971571;107
6136;13337.925684767128;107
6137;13337.925684767128;107
6138;13313.118049120245;108
6139;13288.978913781131;108
6140;13276.987931828658;108
6141;13337.925684767128;107
6142;13251.375875093305;107
6143;13380.080981740073;108
6144;13337.925684767128;107
6145;13224.586184693602;107
6146;13382.067745593444;108
6147;13337.925684767128;107
6148;13412.384166747463;108
6149;13319.41199234161;107
6150;13453.076388169322;109
6151;13337.925684767128;107
6152;13337.925684767128;107
6153;13316.65294012076;107
6154;13343.552622448029;108
6155;13337.925684767128;107
6156;13367.971307823278;108
6157;13337.925684767128;107
6158;13337.925684767128;107
6159;13337.925684767128;107
6160;13275.003038840192;107
6161;13337.925684767128;107
6162;13351.313583989267;108
6163;13274.369060324456;107
6164;13337.925684767128;107
6165;13337.925684767128;107
6166;13337.925684767128;107
6167;13448.58167934503;109
6168;13233.73189158271;106
6169;13337.925684767128;107
6170;13437.639128772205;108
6171;13313.118049120245;108
6172;13327.49067202866;107
6173;13271.062375129133;107
6174;13337.925684767128;107
6175;13337.925684767128;107
6176;13434.899910818356;108
6177;13337.925684767128;107
6178;13337.925684767128;107
6179;13337.925684767128;107
6180;13291.04840196364;108
6181;13323.373197367631;108
6182;13337.925684767128;107
6183;13301.198022667784;107
6184;13319.41885857418;107
6185;13464.782367824499;108
6186;13404.07735321939;108
6187;13337.925684767128;107
6188;13337.925684767128;107
6189;13337.925684767128;107
6190;13337.925684767128;107
6191;13337.925684767128;107
6192;13337.925684767128;107
6193;13251.715230283922;108
6194;13337.925684767128;107
6195;13337.925684767128;107
6196;13337.925684767128;107
6197;13165.58888065024;107
6198;13390.815851377149;109
6199;13337.925684767128;107
6200;13195.592177322798;108
6201;13225.872394343427;107
6202;13337.925684767128;107
6203;13337.925684767128;107
6204;13337.925684767128;107
6205;13337.925684767128;107
6206;13483.923937224921;108
6207;13337.925684767128;107
6208;13337.925684767128;107
6209;13337.925684767128;107
6210;13337.925684767128;107
6211;13337.925684767128;107
6212;13292.53571239057;109
6213;13347.013928249557;108
6214;13337.925684767128;107
6215;13337.925684767128;107
6216;13337.925684767128;107
6217;13337.925684767128;107
6218;13308.521676096116;108
6219;13437.722112058522;108
6220;13302.962510264393;109
6221;13321.16369606511;107
6222;13358.292736365;108
6223;13321.455399810462;108
6224;13267.698706124605;107
6225;13337.925684767128;107
6226;13337.925684767128;107
6227;13346.28878987678;108
6228;13069.890002300486;106
6229;13337.925684767128;107
6230;13357.891764003498;108
6231;13337.925684767128;107
6232;13377.230409989732;109
6233;13337.925684767128;107
6234;13414.880247812876;108
6235;13382.945865962303;109
6236;13337.925684767128;107
6237;13274.132234723986;111
6238;13375.619307626734;109
6239;13337.925684767128;107
6240;13350.343722992518;108
6241;13337.925684767128;107
6242;13312.461600965102;107
6243;13337.925684767128;107
6244;13337.925684767128;107
6245;13067.28008132657;106
6246;13337.925684767128;107
6247;13172.688996290237;108
6248;13459.330096397123;111
6249;13361.881194579859;109
6250;13307.577426806394;111
6251;13357.313434945883;109
6252;13239.204000903876;110
6253;13500.095818966389;113
6254;13469.122093516828;110
6255;13480.359436445651;110
6256;13512.671287436793;110
6257;13187.745159368513;112
6258;13262.498908565505;108
6259;13444.63137707098;108
6260;13284.36222830056;108
6261;13519.483745091418;113
6262;13344.03982575478;107
6263;13375.340226816343;107
6264;13411.769320929794;107
6265;13411.769320929794;107
6266;13411.769320929794;107
6267;13411.769320929794;107
6268;13288.68447279929;107
6269;13402.018215704831;107
6270;13249.947223163234;106
6271;13247.257552658364;107
6272;13249.947223163234;106
6273;13340.850091136892;107
6274;13249.947223163234;106
6275;13178.595258422563;105
6276;13198.783978182146;105
6277;13120.756356670325;107
6278;13198.783978182146;105
6279;13198.783978182146;105
6280;13167.049741307708;105
6281;13500.794535349163;111
6282;13330.583801546776;110
6283;13175.709746460068;106
6284;13249.947223163234;106
6285;13159.998994492435;108
6286;13254.61733832252;108
6287;13510.108740666814;110
6288;13297.521280269251;109
6289;13323.610327417508;108
6290;13318.857964818448;109
6291;13481.896145361727;109
6292;13304.725294271468;110
6293;13379.88806575257;109
6294;13314.471819559001;110
6295;13475.096426170168;111
6296;13330.785466510913;107
6297;13331.990021661783;109
6298;13459.290094386159;111
6299;13347.671238799147;111
6300;13485.0517620421;113
6301;13174.020944062364;112
6302;13187.724248221299;110
6303;13418.174543164185;110
6304;13021.68055786199;109
6305;13310.46036371156;111
6306;13204.784913168785;108
6307;13577.930389242525;112
6308;13104.149321532019;109
6309;13128.181897207272;108
6310;13516.698409075538;111
6311;13506.78556218336;113
6312;13400.879548944342;111
6313;13282.35808245473;109
6314;13373.569817921974;112
6315;13148.707948572024;111
6316;13332.884408819062;113
6317;13236.286542032138;109
6318;13386.099686764304;110
6319;13312.244289625933;109
6320;13355.015655412235;112
6321;13483.34597832448;113
6322;13518.775540107748;114
6323;13462.407485050026;111
6324;13551.247803029999;113
6325;13198.303818390177;107
6326;13080.387108832463;107
6327;13042.57984702377;112
6328;13163.184665320994;109
6329;13075.350208060665;109
6330;13505.581081823346;113
6331;13668.516926613822;114
6332;13201.689705190352;108
6333;12964.944920201779;108
6334;13167.198458312907;109
6335;13161.95431703586;108
6336;13036.967837198037;107
6337;13318.059261593324;110
6338;13434.90064133109;111
6339;13356.589260330109;110
6340;13341.426143946142;110
6341;13509.941271912663;113
6342;13466.034406060993;111
6343;13294.518914080218;109
6344;13238.262631694886;107
6345;13589.268797577839;112
6346;13220.17547249775;110
6347;13142.71840177137;109
6348;13155.463765568373;108
6349;13242.102559117153;109
6350;13185.709507659805;108
6351;13166.386687524951;107
6352;13223.528907955066;108
6353;13105.703896621158;106
6354;13158.32726727559;106
6355;13158.32726727559;106
6356;13158.32726727559;106
6357;13158.32726727559;106
6358;13158.32726727559;106
6359;13189.738889312634;107
6360;13158.32726727559;106
6361;13350.715010613805;110
6362;13158.32726727559;106
6363;13158.32726727559;106
6364;13158.32726727559;106
6365;13115.093253562305;105
6366;13158.32726727559;106
6367;13149.800924599998;107
6368;13289.35774999698;107
6369;13158.32726727559;106
6370;13137.8203556676;107
6371;13158.32726727559;106
6372;13158.32726727559;106
6373;13158.32726727559;106
6374;13088.825771452846;106
6375;13103.74195181947;106
6376;13113.617630291643;107
6377;13237.870535995855;107
6378;13158.32726727559;106
6379;13328.217129276778;108
6380;13158.32726727559;106
6381;13260.715974933131;108
6382;13142.029468588005;107
6383;13289.21285237536;107
6384;13079.50135334644;106
6385;13174.550325304652;107
6386;13134.420910656703;107
6387;13156.631916553912;106
6388;13158.32726727559;106
6389;13289.633605973198;106
6390;13142.835043293655;106
6391;13122.00411627234;106
6392;13355.45673763758;108
6393;13038.044716228625;106
6394;13122.663943967513;107
6395;13288.56977392603;107
6396;13144.693457539086;108
6397;13158.32726727559;106
6398;13078.205486766648;107
6399;13143.504392827452;110
6400;13137.608666826321;106
6401;13158.32726727559;106
6402;13272.341934479593;108
6403;13164.635947980727;106
6404;13158.32726727559;106
6405;13148.844643200202;106
6406;13158.32726727559;106
6407;13158.32726727559;106
6408;13158.32726727559;106
6409;13256.283022546762;107
6410;13188.939688305973;107
6411;13158.32726727559;106
6412;13288.613340542466;107
6413;13257.091915781557;106
6414;13099.462594859815;106
6415;13158.32726727559;106
6416;13158.32726727559;106
6417;13158.32726727559;106
6418;13283.81550113925;107
6419;13148.886017993513;107
6420;13310.744893534718;108
6421;13167.851958068653;106
6422;13158.32726727559;106
6423;13152.999627523579;107
6424;13166.807548518791;107
6425;13278.75975885333;107
6426;13072.875459013027;106
6427;13346.988351979975;108
6428;13158.32726727559;106
6429;13158.32726727559;106
6430;13062.65788456424;108
6431;13286.681081128121;107
6432;13158.32726727559;106
6433;13111.562939562687;106
6434;13158.32726727559;106
6435;13061.857939772237;106
6436;13225.843207087453;107
6437;13158.32726727559;106
6438;13158.32726727559;106
6439;13158.32726727559;106
6440;13158.32726727559;106
6441;13158.32726727559;106
6442;13139.779228321268;106
6443;13158.32726727559;106
6444;13192.03785913031;107
6445;13158.32726727559;106
6446;13147.079698324762;107
6447;13158.32726727559;106
6448;13158.32726727559;106
6449;13158.32726727559;106
6450;13107.042681883617;106
6451;13341.81818392416;109
6452;13142.029468588005;107
6453;13137.625701403944;106
6454;13142.835043293655;106
6455;13158.32726727559;106
6456;13158.32726727559;106
6457;13158.32726727559;106
6458;13158.32726727559;106
6459;13091.149310305851;106
6460;13153.296248175475;107
6461;13158.32726727559;106
6462;13158.32726727559;106
6463;13138.29629380053;106
6464;13158.32726727559;106
6465;13158.32726727559;106
6466;13099.462594859815;106
6467;13078.400436355561;106
6468;13158.32726727559;106
6469;13158.32726727559;106
6470;13158.32726727559;106
6471;13158.32726727559;106
6472;13139.212069341145;106
6473;13075.176124880247;107
6474;13158.32726727559;106
6475;13183.49035409347;109
6476;13158.32726727559;106
6477;13158.32726727559;106
6478;13158.32726727559;106
6479;13044.152067975974;106
6480;13158.32726727559;106
6481;13104.040197836008;108
6482;13158.32726727559;106
6483;13111.562939562687;106
6484;13158.32726727559;106
6485;13190.291747671045;107
6486;13190.981933793993;106
6487;13228.033609603044;108
6488;13148.886017993513;107
6489;13270.068292090273;109
6490;13263.278858970965;107
6491;13158.32726727559;106
6492;13131.420367812267;107
6493;13158.32726727559;106
6494;13116.087720147576;108
6495;13162.50353351076;107
6496;13085.949960185899;106
6497;13158.32726727559;106
6498;13253.55700315864;108
6499;13137.602801533227;106
6500;13158.32726727559;106
6501;13138.282004438466;106
6502;13087.538467410059;107
6503;13137.8203556676;107
6504;13074.983223284085;108
6505;13098.946026474705;106
6506;13158.32726727559;106
6507;13158.32726727559;106
6508;13158.32726727559;106
6509;13397.701583679334;107
6510;13158.32726727559;106
6511;13354.432085056264;107
6512;13138.272808069527;106
6513;13158.32726727559;106
6514;13250.966132994941;107
6515;13095.953720312984;108
6516;13074.639730928937;106
6517;13158.32726727559;106
6518;13158.32726727559;106
6519;13164.576024466634;110
6520;13121.522556980015;108
6521;13158.32726727559;106
6522;13289.897243806881;107
6523;13158.32726727559;106
6524;13158.32726727559;106
6525;13164.635947980727;106
6526;13158.32726727559;106
6527;13137.57401838221;106
6528;13138.289726428673;106
6529;13158.32726727559;106
6530;13158.32726727559;106
6531;13041.487733758842;107
6532;13132.60787475771;108
6533;13158.32726727559;106
6534;13158.32726727559;106
6535;13177.192876042362;106
6536;13158.32726727559;106
6537;13158.32726727559;106
6538;13111.562939562687;106
6539;13284.59587933884;107
6540;13158.32726727559;106
6541;13158.32726727559;106
6542;13158.32726727559;106
6543;13158.32726727559;106
6544;13186.903620948866;107
6545;13158.32726727559;106
6546;13245.732870600163;108
6547;13158.32726727559;106
6548;13194.56010408706;107
6549;13158.32726727559;106
6550;13245.368629776984;107
6551;13158.32726727559;106
6552;13158.32726727559;106
6553;13121.689202039386;107
6554;13243.451580662138;110
6555;13164.41471366161;106
6556;13042.521825368074;106
6557;13133.08787078134;106
6558;13064.49116391986;105
6559;13159.27448865578;109
6560;13127.162358288013;106
6561;13078.309923651115;106
6562;13158.32726727559;106
6563;13147.368949874708;107
6564;13158.32726727559;106
6565;13105.911214071617;106
6566;13194.231278723859;106
6567;13086.053268031206;106
6568;13152.257897709529;106
6569;13158.32726727559;106
6570;13138.29629380053;106
6571;13175.216229409942;106
6572;13291.002389647028;107
6573;13158.32726727559;106
6574;13160.217980884363;108
6575;13193.753088195372;106
6576;13158.32726727559;106
6577;13158.32726727559;106
6578;13288.08506887261;107
6579;13158.32726727559;106
6580;13137.513355073463;108
6581;13139.968545717766;106
6582;13158.32726727559;106
6583;13207.907603520718;107
6584;13158.32726727559;106
6585;13158.32726727559;106
6586;13158.32726727559;106
6587;13112.93729489903;108
6588;13158.32726727559;106
6589;13158.32726727559;106
6590;13158.32726727559;106
6591;13107.042681883617;106
6592;13218.492166152351;107
6593;13158.32726727559;106
6594;13096.95049525438;106
6595;13238.646785491075;110
6596;13158.32726727559;106
6597;13158.32726727559;106
6598;13156.29812491748;106
6599;13158.32726727559;106
6600;13260.715974933131;108
6601;13158.32726727559;106
6602;13090.55913076845;106
6603;13158.32726727559;106
6604;13158.32726727559;106
6605;13139.91964754994;106
6606;13158.32726727559;106
6607;13158.32726727559;106
6608;13396.898639511952;109
6609;13158.32726727559;106
6610;13185.392786010789;108
6611;13158.32726727559;106
6612;13142.394293426989;106
6613;13112.98124991955;107
6614;13202.379582355694;107
6615;13158.32726727559;106
6616;13117.694978194411;106
6617;13158.32726727559;106
6618;13129.63127024057;106
6619;13181.740341767225;106
6620;13158.32726727559;106
6621;13283.965587491753;107
6622;13127.162358288013;106
6623;13107.112464677166;106
6624;13239.805828561748;109
6625;13098.712398374639;106
6626;13158.32726727559;106
6627;13176.907417917566;107
6628;13131.782711225154;107
6629;13219.52748137542;108
6630;13483.11025825856;111
6631;13353.271455262256;110
6632;13407.831525013436;110
6633;13427.087566437644;111
6634;13351.375422427855;111
6635;13476.629984781346;110
6636;13462.254164079603;110
6637;13344.711375495292;110
6638;13360.099073107029;110
6639;13415.540782173925;110
6640;13468.969550540458;110
6641;13344.711375495292;110
6642;13328.901628176582;112
6643;13358.595113206755;110
6644;13233.854700097661;111
6645;13453.225326636491;110
6646;13357.114354095342;110
6647;13427.044787191879;112
6648;13407.241897333928;110
6649;13439.99538638604;110
6650;13334.693155132552;113
6651;13347.615836500006;115
6652;13278.435750235165;113
6653;13321.430645275212;113
6654;13511.987475303275;122
6655;13521.213794296174;115
6656;13366.905687441555;114
6657;13329.639373672439;113
6658;13444.381985106153;113
6659;13376.645260615962;116
6660;13311.852979470663;113
6661;13344.356903372018;111
6662;13236.248346213304;109
6663;13105.703896621158;106
6664;13066.115450551491;106
6665;13201.940688314662;107
6666;13183.361215373248;107
6667;13157.253723054739;107
6668;13012.691148916061;106
6669;13222.222178357057;107
6670;13074.959496146785;107
6671;13158.764919677309;109
6672;13111.378910109155;107
6673;13066.807290137385;107
6674;13206.937801946837;107
6675;13142.084000760891;107
6676;13262.96126606358;108
6677;13143.077391088516;109
6678;13089.68728092039;108
6679;13314.970671876732;108
6680;13222.222178357057;107
6681;13235.58591492825;109
6682;13170.761029889718;107
6683;13222.222178357057;107
6684;13222.222178357057;107
6685;13222.222178357057;107
6686;13183.702348258226;106
6687;13222.222178357057;107
6688;13028.926566818223;106
6689;13183.568720891642;106
6690;13331.079029649916;107
6691;13248.569405129405;107
6692;13248.569405129405;107
6693;13248.569405129405;107
6694;13189.933468796424;106
6695;13209.129574338405;106
6696;13161.877795531114;107
6697;13215.318220100886;109
6698;13222.222178357057;107
6699;13222.222178357057;107
6700;13186.906130576508;107
6701;13222.222178357057;107
6702;13223.051602325006;108
6703;13222.222178357057;107
6704;13222.222178357057;107
6705;13272.340124442546;107
6706;13184.260254062923;107
6707;13222.222178357057;107
6708;13201.408266154933;109
6709;13142.634344054146;110
6710;13162.65499817417;107
6711;13233.150172117208;108
6712;13222.222178357057;107
6713;13222.222178357057;107
6714;13027.543941003187;106
6715;13137.258414453012;106
6716;13222.222178357057;107
6717;13200.238217019936;106
6718;13203.661411499705;107
6719;13053.634524759613;106
6720;13222.222178357057;107
6721;13222.222178357057;107
6722;13111.789985400788;109
6723;13024.490087769067;108
6724;13218.221147475775;107
6725;13222.222178357057;107
6726;13222.222178357057;107
6727;13048.402429072854;106
6728;13053.457431072577;106
6729;13075.772544206033;109
6730;12984.944165868439;107
6731;13488.815089901009;114
6732;13447.440323317756;111
6733;13197.465883361654;110
6734;13371.264172037292;114
6735;13442.040480068126;112
6736;13391.207233965422;112
6737;13517.858681554668;113
6738;13357.251005063306;110
6739;13366.818262205361;115
6740;13479.787285394588;119
6741;13418.731238693716;114
6742;13384.851737104596;112
6743;13047.369507267687;111
6744;13027.922398256556;112
6745;13139.053089485784;112
6746;13219.658447613034;114
6747;13086.261233651874;112
6748;13319.546208003945;114
6749;13268.587686435694;110
6750;13110.075526731021;109
6751;13180.52884505915;114
6752;13143.20333378111;108
6753;13224.045052548487;107
6754;12853.916164661781;106
6755;13195.166172383837;111
6756;12591.536291185068;107
6757;13260.539400377538;111
6758;13269.721871872021;118
6759;13223.384625882434;120
6760;13463.532705808644;119
6761;13366.232382977136;112
6762;13332.08746333379;114
6763;13373.578722332622;112
6764;13642.570599642297;114
6765;13479.757176689354;110
6766;13456.743891520746;109
6767;13548.370634115981;109
6768;13519.534703344101;110
6769;13311.890565026719;108
6770;13259.341240717726;113
6771;13393.397496190253;110
6772;13508.153357489578;110
6773;13400.504596478533;112
6774;13390.534326833778;109
6775;13319.407207164117;110
6776;13230.580838280568;109
6777;13546.901244938805;112
6778;13197.380421886812;107
6779;13335.821846381088;108
6780;13198.128627211641;107
6781;13374.936902356256;107
6782;13429.271044592657;108
6783;13425.132656949758;108
6784;13335.990345532522;108
6785;13409.416249088747;108
6786;13403.91774457483;110
6787;13130.188245560927;107
6788;13406.297130082388;108
6789;13335.990345532522;108
6790;13335.990345532522;108
6791;13303.474116538679;110
6792;13327.294690927807;108
6793;13429.212568397164;110
6794;13306.257103127196;108
6795;13365.696222396413;109
6796;13335.990345532522;108
6797;13335.990345532522;108
6798;13420.951380871007;109
6799;13429.271044592657;108
6800;13332.608447387307;110
6801;13462.455712603907;109
6802;13280.076359369865;108
6803;13315.976160651933;109
6804;13331.199061692738;108
6805;13385.875547574758;110
6806;13097.271699045;108
6807;13307.561082806782;110
6808;13236.931164295664;108
6809;13335.990345532522;108
6810;13335.990345532522;108
6811;13335.990345532522;108
6812;13434.815410647714;109
6813;13282.998957537868;108
6814;13335.990345532522;108
6815;13424.074072986516;108
6816;13335.990345532522;108
6817;13259.718398319459;108
6818;13325.870344296987;108
6819;13331.199061692738;108
6820;13350.475936471068;108
6821;13391.27723547853;109
6822;13361.725202842952;110
6823;13343.123147088123;108
6824;13335.188132752417;109
6825;13315.970354165167;108
6826;13331.199061692738;108
6827;13359.981498943704;108
6828;13268.15096006541;109
6829;13283.63901354684;109
6830;13331.199061692738;108
6831;13331.199061692738;108
6832;13331.199061692738;108
6833;13331.199061692738;108
6834;13331.199061692738;108
6835;13324.271341433327;108
6836;13331.199061692738;108
6837;13331.199061692738;108
6838;13392.44803696549;108
6839;13335.327509217455;108
6840;13358.707523153289;108
6841;13331.199061692738;108
6842;13331.199061692738;108
6843;13322.234004571032;107
6844;13331.199061692738;108
6845;13424.074072986516;108
6846;13267.261734534628;107
6847;13331.199061692738;108
6848;13365.287770702993;108
6849;13331.199061692738;108
6850;13331.199061692738;108
6851;13331.199061692738;108
6852;13105.537066547575;107
6853;13397.291124023768;108
6854;13391.272941766405;109
6855;13385.890281599943;108
6856;13317.7206046152;109
6857;13405.045485114426;109
6858;13396.537447295756;108
6859;13465.706388341505;109
6860;13396.537447295756;108
6861;13396.537447295756;108
6862;13396.537447295756;108
6863;13396.537447295756;108
6864;13396.537447295756;108
6865;13435.16699869925;109
6866;13390.145855484072;109
6867;13476.220229625624;108
6868;13515.201200696476;108
6869;13380.485437889462;108
6870;13503.194806976813;108
6871;13330.051407771136;111
6872;13503.194806976813;108
6873;13405.824147739948;110
6874;13396.537447295756;108
6875;13503.194806976813;108
6876;13503.194806976813;108
6877;13490.75986915316;110
6878;13339.69595248266;108
6879;13416.695346835364;108
6880;13503.194806976813;108
6881;13466.833843755461;113
6882;13503.194806976813;108
6883;13503.194806976813;108
6884;13460.35016594162;108
6885;13503.194806976813;108
6886;13503.194806976813;108
6887;13257.120026732206;107
6888;13486.920769114065;109
6889;13443.940391895247;108
6890;13483.201208326695;108
6891;13274.293760464745;110
6892;13503.194806976813;108
6893;13503.194806976813;108
6894;13441.454471644882;109
6895;13470.868476704503;108
6896;13503.194806976813;108
6897;13278.132893829432;108
6898;13503.194806976813;108
6899;13404.110728965159;109
6900;13503.194806976813;108
6901;13333.651957472337;108
6902;13503.194806976813;108
6903;13520.567354030245;109
6904;13399.941989862353;108
6905;13503.194806976813;108
6906;13424.951544369835;108
6907;13503.194806976813;108
6908;13503.194806976813;108
6909;13362.899494578374;108
6910;13447.340381769483;109
6911;13503.194806976813;108
6912;13494.668464301223;109
6913;13503.194806976813;108
6914;13477.817655766326;109
6915;13440.989488617965;108
6916;13503.194806976813;108
6917;13439.216495282231;108
6918;13483.200662593394;108
6919;13503.194806976813;108
6920;13503.194806976813;108
6921;13503.194806976813;108
6922;13483.427848780988;108
6923;13503.194806976813;108
6924;13503.194806976813;108
6925;13503.194806976813;108
6926;13411.216389641995;108
6927;13379.614426328484;108
6928;13434.472261238581;109
6929;13503.194806976813;108
6930;13503.194806976813;108
6931;13503.194806976813;108
6932;13457.804834600254;110
6933;13503.194806976813;108
6934;13259.723196080698;108
6935;13495.783369752746;110
6936;13433.714577736317;110
6937;13473.948149019616;109
6938;13503.194806976813;108
6939;13466.961433744576;112
6940;13396.288297623465;108
6941;13553.004627859847;109
6942;13503.194806976813;108
6943;13503.194806976813;108
6944;13441.507035912671;111
6945;13503.194806976813;108
6946;13361.673613197625;108
6947;13441.596607522044;108
6948;13503.194806976813;108
6949;13483.200662593394;108
6950;13503.194806976813;108
6951;13584.291986958055;111
6952;13354.437772338055;110
6953;13430.4461997607;109
6954;13503.194806976813;108
6955;13503.194806976813;108
6956;13442.995876550835;108
6957;13217.600594473908;108
6958;13451.214120116507;108
6959;13420.025987328812;109
6960;13503.194806976813;108
6961;13503.194806976813;108
6962;13329.26751290348;107
6963;13503.194806976813;108
6964;13466.390096681242;110
6965;13388.233787326764;107
6966;13503.194806976813;108
6967;13363.09658206747;108
6968;13509.148526692423;108
6969;13483.197367696544;108
6970;13341.848207569676;107
6971;13503.194806976813;108
6972;13503.194806976813;108
6973;13358.411262948825;108
6974;13503.194806976813;108
6975;13374.566410825208;107
6976;13451.457867177534;108
6977;13503.194806976813;108
6978;13481.641579478595;109
6979;13499.004109734578;108
6980;13406.208754292811;111
6981;13439.167162356425;108
6982;13453.002816165752;108
6983;13503.194806976813;108
6984;13417.29944064565;108
6985;13460.35016594162;108
6986;13483.90047908269;108
6987;13455.05225556522;110
6988;13503.194806976813;108
6989;13328.714113846876;107
6990;13503.194806976813;108
6991;13278.287198464135;109
6992;13503.194806976813;108
6993;13503.194806976813;108
6994;13483.197367696544;108
6995;13580.430940847633;109
6996;13322.433552137341;107
6997;13503.194806976813;108
6998;13467.856972615404;108
6999;13455.375838661043;108
7000;13442.545681248312;108
7001;13503.194806976813;108
7002;13503.194806976813;108
7003;13511.60106063908;109
7004;13321.02461713515;108
7005;13503.194806976813;108
7006;13395.656505497187;110
7007;13429.99789906591;109
7008;13363.09658206747;108
7009;13384.430820146628;110
7010;13503.194806976813;108
7011;13446.66406236552;108
7012;13483.945549641749;108
7013;13466.727540610504;109
7014;13511.480089286584;108
7015;13503.194806976813;108
7016;13313.845394823156;108
7017;13503.194806976813;108
7018;13503.194806976813;108
7019;13483.949279282675;108
7020;13320.341698108223;107
7021;13503.194806976813;108
7022;13503.194806976813;108
7023;13503.194806976813;108
7024;13503.194806976813;108
7025;13503.194806976813;108
7026;13589.144936509882;109
7027;13503.194806976813;108
7028;13503.194806976813;108
7029;13503.194806976813;108
7030;13503.194806976813;108
7031;13398.739605374654;108
7032;13382.506633025805;108
7033;13503.194806976813;108
7034;13503.194806976813;108
7035;13503.194806976813;108
7036;13418.783067682009;110
7037;13503.194806976813;108
7038;13503.194806976813;108
7039;13393.060130315427;108
7040;13503.194806976813;108
7041;13361.83998884812;108
7042;13291.785815723913;108
7043;13466.390096681242;110
7044;13503.194806976813;108
7045;13434.15905289622;109
7046;13419.28001746816;108
7047;13325.067041206114;109
7048;13483.90047908269;108
7049;13313.638592809033;108
7050;13503.194806976813;108
7051;13503.194806976813;108
7052;13512.017278861584;108
7053;13465.739348251396;109
7054;13222.914020079596;108
7055;13483.413725851939;108
7056;13503.194806976813;108
7057;13382.213064369056;108
7058;13399.827744714614;108
7059;13503.194806976813;108
7060;13503.194806976813;108
7061;13503.194806976813;108
7062;13388.696526184043;108
7063;13503.194806976813;108
7064;13483.19929210919;108
7065;13503.194806976813;108
7066;13363.09658206747;108
7067;13503.194806976813;108
7068;13503.194806976813;108
7069;13451.882026928088;112
7070;13419.198473292889;109
7071;13483.940948092104;108
7072;13503.194806976813;108
7073;13553.004627859847;109
7074;13465.706388341505;109
7075;13527.217269880439;108
7076;13503.194806976813;108
7077;13388.416915148024;110
7078;13503.194806976813;108
7079;13465.74054057618;109
7080;13477.185233751514;109
7081;13503.194806976813;108
7082;13376.080401048152;108
7083;13483.42625946348;108
7084;13429.826803748821;110
7085;13396.54451610173;108
7086;13508.01755068125;108
7087;13503.194806976813;108
7088;13399.827744714614;108
7089;13503.194806976813;108
7090;13503.194806976813;108
7091;13503.194806976813;108
7092;13444.352101787666;108
7093;13603.114471503883;110
7094;13455.375838661043;108
7095;13503.194806976813;108
7096;13503.194806976813;108
7097;13503.194806976813;108
7098;13323.156742002386;108
7099;13396.392082854632;108
7100;13309.794625877292;109
7101;13460.362396560005;110
7102;13503.194806976813;108
7103;13503.194806976813;108
7104;13457.728981543027;109
7105;13503.194806976813;108
7106;13503.194806976813;108
7107;13483.197367696544;108
7108;13486.89700828923;109
7109;13382.426048661166;108
7110;13407.93550220317;108
7111;13321.953302869664;108
7112;13503.194806976813;108
7113;13422.780258177458;109
7114;13398.575451344324;109
7115;13503.194806976813;108
7116;13324.670246828007;108
7117;13503.194806976813;108
7118;13472.934221206377;110
7119;13465.750515512775;110
7120;13468.703965910647;110
7121;13395.604577486572;108
7122;13509.81068773763;111
7123;13422.98324255705;109
7124;13465.750515512775;110
7125;13503.194806976813;108
7126;13398.817340549638;110
7127;13477.163463724984;109
7128;13489.21637665065;110
7129;13503.194806976813;108
7130;13256.653008107385;108
7131;13365.715869324753;107
7132;13503.194806976813;108
7133;13503.194806976813;108
7134;13420.730660156389;110
7135;13503.194806976813;108
7136;13427.96820373685;108
7137;13503.194806976813;108
7138;13503.194806976813;108
7139;13503.194806976813;108
7140;13503.194806976813;108
7141;13496.76411110701;110
7142;13443.728475852637;108
7143;13500.89083681366;109
7144;13506.351770169616;110
7145;13444.352101787666;108
7146;13503.194806976813;108
7147;13382.506633025805;108
7148;13503.194806976813;108
7149;13511.694853123709;108
7150;13524.107827477652;108
7151;13478.311746208245;109
7152;13428.107895141937;108
7153;13483.922730046312;108
7154;13453.11194301966;108
7155;13503.194806976813;108
7156;13543.897203155875;109
7157;13345.076793765862;108
7158;13483.945549641749;108
7159;13329.426399719301;109
7160;13503.194806976813;108
7161;13503.194806976813;108
7162;13495.60303553739;108
7163;13503.194806976813;108
7164;13459.713516929716;109
7165;13342.19383721102;109
7166;13503.194806976813;108
7167;13503.194806976813;108
7168;13400.694992293842;109
7169;13483.952358048127;108
7170;13503.194806976813;108
7171;13503.194806976813;108
7172;13503.194806976813;108
7173;13466.519385715581;108
7174;13441.596607522044;108
7175;13395.024805339688;109
7176;13503.194806976813;108
7177;13503.194806976813;108
7178;13361.380690090176;108
7179;13419.28001746816;108
7180;13502.307101025455;111
7181;13503.194806976813;108
7182;13261.37653073802;107
7183;13503.194806976813;108
7184;13503.194806976813;108
7185;13486.90190066536;108
7186;13503.194806976813;108
7187;13466.390096681242;110
7188;13412.708126786914;110
7189;13372.117178125409;108
7190;13464.142628510677;108
7191;13503.194806976813;108
7192;13422.18081195294;109
7193;13503.194806976813;108
7194;13503.194806976813;108
7195;13505.176829003805;111
7196;13404.110728965159;109
7197;13439.167162356425;108
7198;13503.194806976813;108
7199;13503.194806976813;108
7200;13503.194806976813;108
7201;13504.00321715922;110
7202;13503.194806976813;108
7203;13377.859025235844;110
7204;13492.776127901785;108
7205;13503.194806976813;108
7206;13451.37413873045;112
7207;13503.194806976813;108
7208;13425.277863356661;112
7209;13418.178031474292;108
7210;13483.40965422034;108
7211;13503.194806976813;108
7212;13477.185233751514;109
7213;13511.857466441104;108
7214;13304.393037194706;108
7215;13503.194806976813;108
7216;13427.96820373685;108
7217;13503.194806976813;108
7218;13503.194806976813;108
7219;13451.744393950485;108
7220;13340.900875911653;108
7221;13503.194806976813;108
7222;13371.509022086064;109
7223;13503.194806976813;108
7224;13503.194806976813;108
7225;13517.545867925943;110
7226;13503.194806976813;108
7227;13503.194806976813;108
7228;13503.194806976813;108
7229;13503.194806976813;108
7230;13503.194806976813;108
7231;13503.194806976813;108
7232;13339.556625161205;109
7233;13451.033629196005;108
7234;13290.937574374391;108
7235;13393.986208405922;108
7236;13483.95493888368;108
7237;13503.194806976813;108
7238;13443.292201796763;109
7239;13495.918601975689;108
7240;13450.83046214536;108
7241;13503.194806976813;108
7242;13361.380690090176;108
7243;13503.194806976813;108
7244;13347.330023992294;108
7245;13503.194806976813;108
7246;13503.194806976813;108
7247;13503.194806976813;108
7248;13503.194806976813;108
7249;13503.194806976813;108
7250;13483.40965422034;108
7251;13503.194806976813;108
7252;13503.194806976813;108
7253;13440.989488617965;108
7254;13503.194806976813;108
7255;13415.100492780608;108
7256;13503.194806976813;108
7257;13331.732024678196;109
7258;13503.194806976813;108
7259;13503.194806976813;108
7260;13396.537447295756;108
7261;13362.062984834896;108
7262;13436.44575441077;110
7263;13447.777935105652;109
7264;13426.66900179716;109
7265;13503.194806976813;108
7266;13490.104815348683;108
7267;13503.194806976813;108
7268;13476.807292440146;109
7269;13483.90047908269;108
7270;13503.194806976813;108
7271;13495.94242473573;108
7272;13553.004627859847;109
7273;13423.097988119936;110
7274;13503.194806976813;108
7275;13429.820792523189;108
7276;13483.201208326695;108
7277;13335.749018995833;107
7278;13503.194806976813;108
7279;13503.194806976813;108
7280;13503.194806976813;108
7281;13399.941989862353;108
7282;13503.194806976813;108
7283;13503.194806976813;108
7284;13453.152102641398;108
7285;13323.156742002386;108
7286;13503.194806976813;108
7287;13503.194806976813;108
7288;13516.022337069904;110
7289;13399.290547557934;112
7290;13324.041897868432;107
7291;13396.176145011823;108
7292;13416.374449777519;111
7293;13394.454718143206;111
7294;13413.33808660616;110
7295;13549.968740792368;113
7296;13568.23589290852;113
7297;13568.23589290852;113
7298;13495.954461740801;110
7299;13436.44575441077;110
7300;13310.336045787635;108
7301;13417.823398850436;108
7302;13454.668715943835;111
7303;13458.28172725975;111
7304;13382.51029987324;109
7305;13376.039075581988;110
7306;13429.344096150136;111
7307;13501.631774689966;112
7308;13536.117620855932;112
7309;13553.23469425757;112
7310;13630.648400102633;115
7311;13438.677004678795;111
7312;13124.972286775186;107
7313;13337.342789209006;111
7314;13305.95511152383;108
7315;13536.229522937945;112
7316;13514.018413071046;110
7317;13488.622178101361;112
7318;13260.282446847596;108
7319;13555.672730140433;113
7320;13343.16549235488;111
7321;13185.914093551453;111
7322;13653.602030932543;113
7323;13279.538541795322;109
7324;13592.011452358807;112
7325;13519.245166182583;112
7326;13057.48704956303;109
7327;13363.07275309664;115
7328;13052.660862416162;110
7329;13225.618147351073;108
7330;13238.460371213836;107
7331;13019.892473314585;110
7332;13202.066561882202;107
7333;13421.812034500284;110
7334;13107.147038248793;106
7335;13107.147038248793;106
7336;13263.90554503636;109
7337;13188.024066542719;107
7338;13233.016870531863;106
7339;13244.596599919669;107
7340;13438.06443105685;113
7341;13454.77239745;110
7342;13300.882024004412;111
7343;13350.764118738256;111
7344;13542.711318567219;111
7345;13531.084389098281;114
7346;13538.651029073726;112
7347;13565.754530574186;112
7348;13423.42475777786;111
7349;13325.720705814716;112
7350;13542.711318567219;111
7351;13671.323003955282;113
7352;13542.711318567219;111
7353;13542.711318567219;111
7354;13259.370083808562;109
7355;13252.668704207375;111
7356;13542.711318567219;111
7357;13523.587333424515;112
7358;13542.711318567219;111
7359;13467.181730055087;111
7360;13435.006472784607;111
7361;13439.388234240774;111
7362;13643.874658036068;113
7363;13479.446822989576;113
7364;13261.90381317163;111
7365;13239.02178182667;112
7366;13285.632643752535;107
7367;13304.31405814362;107
7368;13304.31405814362;107
7369;13304.31405814362;107
7370;13233.858689654935;109
7371;13304.31405814362;107
7372;13304.31405814362;107
7373;13506.78716766045;110
7374;13103.618274295266;106
7375;13304.31405814362;107
7376;13276.175619390919;107
7377;13285.605299158166;107
7378;13304.31405814362;107
7379;13304.31405814362;107
7380;13383.36683047154;109
7381;13304.31405814362;107
7382;13304.31405814362;107
7383;13268.56670164652;108
7384;13252.578256353481;107
7385;13304.31405814362;107
7386;13385.33679172801;108
7387;13304.31405814362;107
7388;13304.31405814362;107
7389;13304.31405814362;107
7390;13304.31405814362;107
7391;13297.71255505134;109
7392;13304.31405814362;107
7393;13285.629439445616;107
7394;13304.31405814362;107
7395;13244.30424621618;108
7396;13228.311599239747;107
7397;13275.728689929501;109
7398;13309.60592803755;107
7399;13285.635503290674;107
7400;13230.080787360337;107
7401;13304.31405814362;107
7402;13304.31405814362;107
7403;13304.31405814362;107
7404;13304.31405814362;107
7405;13304.31405814362;107
7406;13165.24881405473;107
7407;13304.31405814362;107
7408;13304.31405814362;107
7409;13304.31405814362;107
7410;13205.622554052914;107
7411;13304.31405814362;107
7412;13156.899094571321;109
7413;13304.31405814362;107
7414;13304.31405814362;107
7415;13157.923352639498;108
7416;13239.932807679235;107
7417;13454.598148717063;110
7418;13304.31405814362;107
7419;13304.31405814362;107
7420;13304.31405814362;107
7421;13126.684793506733;106
7422;13241.618546584355;107
7423;13390.277859383881;108
7424;13278.799842456216;109
7425;13304.31405814362;107
7426;13304.31405814362;107
7427;13241.27751647575;107
7428;13304.31405814362;107
7429;13228.734510336097;107
7430;13304.31405814362;107
7431;13136.240747304668;106
7432;13304.31405814362;107
7433;13240.965287832765;107
7434;13451.431858910295;109
7435;13563.189603076937;110
7436;13189.628601776432;107
7437;13304.31405814362;107
7438;13304.31405814362;107
7439;13285.635503290674;107
7440;13304.31405814362;107
7441;13304.31405814362;107
7442;13304.31405814362;107
7443;13228.156898967472;109
7444;13192.613420479405;107
7445;13189.621033216685;108
7446;13268.690095925502;107
7447;13260.163753249913;108
7448;13319.244647254505;109
7449;13349.31844578402;110
7450;13248.001347040321;107
7451;13318.904620467667;108
7452;13268.690095925502;107
7453;13588.51504937218;113
7454;13262.327768304249;109
7455;13268.690095925502;107
7456;13255.091776888126;108
7457;13266.954731369935;109
7458;13273.191662531119;107
7459;13324.450677553095;108
7460;13369.567872027752;108
7461;13268.690095925502;107
7462;13273.768992108071;107
7463;13268.690095925502;107
7464;13204.270702475671;107
7465;13268.690095925502;107
7466;13268.690095925502;107
7467;13268.690095925502;107
7468;13261.278658701436;109
7469;13268.690095925502;107
7470;13179.000701568424;108
7471;13268.690095925502;107
7472;13268.690095925502;107
7473;13268.690095925502;107
7474;13243.807035156935;108
7475;13268.690095925502;107
7476;13268.690095925502;107
7477;13234.01153206294;107
7478;13267.986588819214;107
7479;13268.690095925502;107
7480;13229.635150565378;108
7481;13370.993416437424;110
7482;13189.341055807186;108
7483;13318.283156062113;110
7484;13268.690095925502;107
7485;13209.531367867123;108
7486;13268.690095925502;107
7487;13549.187878144268;110
7488;13226.451492187723;107
7489;13170.605012890948;108
7490;13196.166822292254;107
7491;13309.875832127746;112
7492;13152.382547695137;107
7493;13293.774398405942;108
7494;13248.723690613002;107
7495;13248.723690613002;107
7496;13208.874253752143;107
7497;13473.653244889276;112
7498;13248.723690613002;107
7499;13223.840629844432;108
7500;13189.411762402642;108
7501;13233.224582089246;107
7502;13143.232949783503;108
7503;13181.682269231498;108
7504;13258.717225004886;108
7505;13248.723690613002;107
7506;13248.723690613002;107
7507;13248.723690613002;107
7508;13273.821879579431;108
7509;13523.552636256425;115
7510;13482.833085390139;112
7511;13412.311915956696;112
7512;13358.902140401698;111
7513;13169.69376993642;109
7514;12973.026142575005;110
7515;13079.160811470614;110
7516;13098.64667699199;111
7517;13249.053894810797;115
7518;13285.292036615916;115
7519;13139.842870294962;109
7520;13544.538323464478;115
7521;13554.500705839286;114
7522;13472.609135473418;112
7523;13455.882764889931;114
7524;13416.23374535546;110
7525;13395.44641493824;111
7526;13403.654867202531;112
7527;13441.090891113294;113
7528;13410.862492564722;114
7529;13549.170785860415;116
7530;13406.440417709515;118
7531;13586.446310272438;123
7532;13220.93189885967;117
7533;13360.091868602598;116
7534;13406.38855857478;111
7535;13299.723269231383;112
7536;13606.885795729093;122
7537;13408.278714352638;121
7538;13370.037102960157;117
7539;13384.064216871728;115
7540;13272.477932728398;112
7541;13263.488851854427;111
7542;13185.425080081739;114
7543;13240.69657474473;119
7544;13443.592374991316;118
7545;13488.316100803846;120
7546;13365.107219438529;113
7547;13428.348876072723;114
7548;13591.55075839861;115
7549;13039.343215955201;110
7550;13081.48151219904;111
7551;13285.62517358088;112
7552;13090.793400010898;107
7553;13243.001097266715;109
7554;13087.770674703657;108
7555;13002.69518284266;107
7556;13151.281337788634;110
7557;12859.382724319265;109
7558;13061.022185633557;109
7559;13190.49354485367;107
7560;13097.378022286328;107
7561;13076.376134185031;108
7562;13182.784753422455;108
7563;13180.256613271082;106
7564;13035.082813134803;106
7565;13133.662474334633;107
7566;13179.528809547319;107
7567;13058.014490834883;105
7568;13040.531111512486;107
7569;13058.014490834883;105
7570;13038.103572090038;107
7571;13117.879578967011;107
7572;13259.241974457385;107
7573;13248.316733448824;108
7574;13058.014490834883;105
7575;13077.35241917217;107
7576;13087.56269565181;108
7577;13129.922209890095;107
7578;13129.922209890095;107
7579;13091.58922285608;106
7580;12998.334339073977;105
7581;13178.564094210236;110
7582;13091.58922285608;106
7583;13175.737529570315;107
7584;13283.385024952699;110
7585;13091.58922285608;106
7586;13175.737529570315;107
7587;13129.922209890095;107
7588;13094.574479154147;108
7589;13199.338961254574;108
7590;13220.506903232104;108
7591;13133.90469698072;106
7592;13091.58922285608;106
7593;13173.11178893929;108
7594;13159.30184452455;108
7595;13079.913479966537;106
7596;13133.90469698072;106
7597;13131.949974178298;107
7598;13098.043964447428;106
7599;13172.402326943844;108
7600;13150.064170419102;106
7601;13133.90469698072;106
7602;13059.472815650171;106
7603;13133.90469698072;106
7604;13017.171945080498;106
7605;13082.336504855415;106
7606;13133.90469698072;106
7607;13133.90469698072;106
7608;13115.207401944972;107
7609;13133.90469698072;106
7610;13133.90469698072;106
7611;13133.90469698072;106
7612;13054.25707552192;105
7613;13133.90469698072;106
7614;13151.63547455525;107
7615;13163.062603611026;107
7616;13105.383003129768;106
7617;13133.90469698072;106
7618;13016.293932950603;106
7619;13192.6707100131;107
7620;13133.90469698072;106
7621;13094.232944737736;108
7622;13072.890620702548;106
7623;13232.2870116259;109
7624;13133.90469698072;106
7625;13133.90469698072;106
7626;13076.283201058428;107
7627;13258.667568084797;108
7628;13074.111979207622;105
7629;13118.685133809808;106
7630;13158.134949110261;109
7631;13252.067509367655;107
7632;13059.35010015802;107
7633;13125.37835430513;107
7634;13133.90469698072;106
7635;13154.993887336384;110
7636;13133.90469698072;106
7637;13133.90469698072;106
7638;13076.706692830267;106
7639;13133.90469698072;106
7640;13122.99224617495;106
7641;13072.587011417963;108
7642;12997.495698212464;106
7643;13117.572682552754;106
7644;12991.29541066592;107
7645;13133.90469698072;106
7646;13133.90469698072;106
7647;13021.71171581198;106
7648;13113.945808867004;106
7649;13133.90469698072;106
7650;13044.807366041492;108
7651;13113.27401527556;106
7652;13113.230942377579;106
7653;13133.90469698072;106
7654;13187.521674824615;107
7655;13133.90469698072;106
7656;13113.230942377579;106
7657;13133.90469698072;106
7658;13113.165496521911;106
7659;13027.787774114919;106
7660;13074.783887618745;108
7661;13062.608579953949;105
7662;13069.262045991178;105
7663;13082.230279545513;106
7664;13133.90469698072;106
7665;13221.306110498357;107
7666;13118.173556899157;106
7667;13133.90469698072;106
7668;13082.230279545513;106
7669;13187.486047433265;108
7670;13058.055411594578;107
7671;13133.90469698072;106
7672;12989.6144192004;106
7673;13113.235989260607;106
7674;13113.294897953947;106
7675;13036.432818063702;111
7676;13133.90469698072;106
7677;13139.154489290173;106
7678;13043.900144469486;106
7679;13133.90469698072;106
7680;13133.90469698072;106
7681;13016.293932950603;106
7682;13093.639819193777;107
7683;13133.90469698072;106
7684;13090.22446219875;108
7685;13144.835271248767;108
7686;13033.924748572903;106
7687;13057.746247827952;107
7688;13079.795975199891;106
7689;13500.846184281287;115
7690;13133.90469698072;106
7691;13133.90469698072;106
7692;13174.040414678359;107
7693;13124.616414170161;106
7694;13018.714193878932;106
7695;13150.642171394002;108
7696;13133.90469698072;106
7697;13133.90469698072;106
7698;13133.90469698072;106
7699;13202.177184541046;107
7700;13133.90469698072;106
7701;13176.804170780779;106
7702;13113.165496521911;106
7703;13002.400404024307;107
7704;13133.90469698072;106
7705;13120.185510120378;107
7706;13101.03262218863;106
7707;13133.90469698072;106
7708;13285.4735905175;106
7709;13133.90469698072;106
7710;13038.686176695883;106
7711;13137.316713440454;106
7712;13133.90469698072;106
7713;13069.661044253526;107
7714;13133.90469698072;106
7715;13103.08259403031;106
7716;13253.874663372884;107
7717;13133.90469698072;106
7718;13235.529468863404;106
7719;13133.90469698072;106
7720;13133.90469698072;106
7721;13068.731098731012;105
7722;13020.959406241123;108
7723;13133.90469698072;106
7724;13133.90469698072;106
7725;13130.371425629326;106
7726;13161.355773234429;109
7727;13133.90469698072;106
7728;13133.90469698072;106
7729;13113.235989260607;106
7730;13170.685223528222;107
7731;13114.070473013655;106
7732;13133.90469698072;106
7733;13133.90469698072;106
7734;13133.90469698072;106
7735;13133.90469698072;106
7736;13093.384657867191;108
7737;13133.90469698072;106
7738;13149.312791019225;106
7739;13178.398170973083;108
7740;13133.90469698072;106
7741;13133.90469698072;106
7742;13133.90469698072;106
7743;13073.128572065789;106
7744;13133.90469698072;106
7745;13133.90469698072;106
7746;13082.336504855415;106
7747;13166.743957024328;106
7748;13133.90469698072;106
7749;13214.292052863138;106
7750;13133.90469698072;106
7751;13133.90469698072;106
7752;13133.90469698072;106
7753;13133.90469698072;106
7754;13135.820562861622;106
7755;13133.90469698072;106
7756;13133.90469698072;106
7757;13109.02163621215;107
7758;13133.90469698072;106
7759;13128.79897595921;107
7760;13133.90469698072;106
7761;13127.621876935986;108
7762;13133.90469698072;106
7763;13133.90469698072;106
7764;13067.786199303562;105
7765;13133.90469698072;106
7766;13230.303654211806;106
7767;12995.179365583526;108
7768;13133.90469698072;106
7769;13168.436704316393;107
7770;13202.133428746372;107
7771;13133.90469698072;106
7772;13047.921462618491;105
7773;13167.186836238243;107
7774;13113.39778537273;107
7775;13133.90469698072;106
7776;13133.90469698072;106
7777;13133.90469698072;106
7778;13115.988898764428;106
7779;13133.90469698072;106
7780;13215.370474120651;106
7781;13191.443719246228;107
7782;13077.546656402836;106
7783;13090.866878573204;109
7784;13133.90469698072;106
7785;12991.882418475167;107
7786;13076.15335704659;106
7787;13133.90469698072;106
7788;13133.90469698072;106
7789;13133.90469698072;106
7790;13084.798226488076;106
7791;13133.90469698072;106
7792;13133.90469698072;106
7793;13133.90469698072;106
7794;13114.092037624832;106
7795;13133.90469698072;106
7796;13050.998096413581;106
7797;13133.90469698072;106
7798;13133.90469698072;106
7799;13133.90469698072;106
7800;13082.336504855415;106
7801;13133.90469698072;106
7802;13133.90469698072;106
7803;13133.90469698072;106
7804;13116.016951507843;107
7805;13133.90469698072;106
7806;13133.90469698072;106
7807;13133.90469698072;106
7808;13223.406497546981;106
7809;13008.676317930785;106
7810;13133.90469698072;106
7811;13133.90469698072;106
7812;13174.304822652975;106
7813;13133.90469698072;106
7814;13093.639819193777;107
7815;13133.90469698072;106
7816;13133.90469698072;106
7817;13133.90469698072;106
7818;13133.90469698072;106
7819;13072.539652941025;105
7820;13133.90469698072;106
7821;13095.214447549271;106
7822;13133.90469698072;106
7823;13102.357135364915;106
7824;13167.44129161097;106
7825;13143.572138913472;106
7826;13171.518790894563;107
7827;13080.238931128684;107
7828;13133.90469698072;106
7829;13133.90469698072;106
7830;13139.154489290173;106
7831;12935.589165698468;106
7832;13133.90469698072;106
7833;13133.90469698072;106
7834;13112.778694766183;106
7835;13329.856793825968;109
7836;13395.38694300731;110
7837;13133.90469698072;106
7838;13133.90469698072;106
7839;13175.823953450432;110
7840;13133.90469698072;106
7841;13133.90469698072;106
7842;13133.90469698072;106
7843;13133.90469698072;106
7844;13133.90469698072;106
7845;13127.886834137227;107
7846;13113.090784778595;108
7847;13133.90469698072;106
7848;13133.90469698072;106
7849;13147.675294845889;108
7850;13044.652963834142;106
7851;13133.90469698072;106
7852;13133.90469698072;106
7853;13154.432883829943;107
7854;13233.645093530004;107
7855;13075.747108322303;105
7856;13045.190997052285;107
7857;13133.90469698072;106
7858;13149.602827744702;110
7859;13133.90469698072;106
7860;13133.90469698072;106
7861;13133.90469698072;106
7862;13118.108470446485;106
7863;13080.429918922111;107
7864;13148.191994751553;107
7865;13133.90469698072;106
7866;13112.778694766183;106
7867;13133.90469698072;106
7868;13133.90469698072;106
7869;13059.922131235595;106
7870;13265.138567235526;108
7871;13034.049086380166;106
7872;13006.832560991683;106
7873;13137.316713440454;106
7874;13142.613686009201;107
7875;13133.90469698072;106
7876;13133.90469698072;106
7877;13133.90469698072;106
7878;13133.90469698072;106
7879;13053.40603426604;108
7880;13430.036820682008;112
7881;13133.90469698072;106
7882;13015.228656231173;106
7883;13113.192284329378;106
7884;13131.173873306549;107
7885;13147.286262524869;106
7886;13133.90469698072;106
7887;13009.325151619983;107
7888;13133.90469698072;106
7889;13082.900031993882;106
7890;13133.90469698072;106
7891;12962.488252063922;106
7892;13061.01664254412;106
7893;13133.90469698072;106
7894;13133.90469698072;106
7895;13133.90469698072;106
7896;13133.90469698072;106
7897;13133.90469698072;106
7898;13109.823592092154;107
7899;13133.90469698072;106
7900;13133.90469698072;106
7901;13133.90469698072;106
7902;13133.90469698072;106
7903;13133.90469698072;106
7904;13166.03465783505;108
7905;13133.90469698072;106
7906;13133.90469698072;106
7907;13133.90469698072;106
7908;13097.604171911818;109
7909;13133.90469698072;106
7910;13174.766104231703;107
7911;13134.319663620494;106
7912;13133.90469698072;106
7913;13133.90469698072;106
7914;13214.292052863138;106
7915;13133.90469698072;106
7916;13133.90469698072;106
7917;13113.230942377579;106
7918;13133.90469698072;106
7919;13133.90469698072;106
7920;13140.272651567262;106
7921;13113.285362239323;107
7922;13133.90469698072;106
7923;13069.577405971993;108
7924;13056.140112334917;106
7925;13133.90469698072;106
7926;13143.572138913472;106
7927;13133.90469698072;106
7928;13133.90469698072;106
7929;13106.670701991705;108
7930;12906.873374877332;109
7931;13196.027184941096;107
7932;13159.064069092774;108
7933;13148.6295689901;109
7934;13148.6295689901;109
7935;13274.806785298671;110
7936;13398.475000791997;111
7937;13311.885579595431;114
7938;13395.38694300731;110
7939;13113.481679571352;108
7940;13403.411221127997;109
7941;13128.990365233183;108
7942;13230.744578493084;108
7943;13273.09736344906;108
7944;13113.18013974656;106
7945;13133.90469698072;106
7946;13012.739724371126;106
7947;13133.90469698072;106
7948;13133.90469698072;106
7949;13133.90469698072;106
7950;13133.90469698072;106
7951;13113.909897440426;106
7952;13112.691418833472;106
7953;13151.63547455525;107
7954;13181.213068494377;106
7955;13078.672750265278;108
7956;13193.041894220252;106
7957;13076.283201058428;107
7958;13133.214986843175;106
7959;13133.90469698072;106
7960;13108.826264979185;107
7961;13133.90469698072;106
7962;13160.42893033894;108
7963;12996.605116472716;107
7964;13129.834077455933;107
7965;13168.24105420763;107
7966;13130.875083398789;108
7967;13177.584017861334;109
7968;13149.302397886533;106
7969;13103.912425509974;108
7970;13165.21577532002;107
7971;13131.011831945996;106
7972;13149.302397886533;106
7973;13149.302397886533;106
7974;13163.549471751961;107
7975;13169.003682905639;108
7976;13163.549471751961;107
7977;13116.656016099883;107
7978;13179.546041579648;107
7979;13249.744808406607;108
7980;13308.70776933917;111
7981;13288.522407604263;109
7982;13233.038708374508;108
7983;13258.45628140147;109
7984;13195.73672275121;109
7985;13335.981398163143;112
7986;13238.520649555245;110
7987;13177.632931081187;107
7988;13173.999527279186;108
7989;13263.653574340797;108
7990;13116.656016099883;107
7991;13331.092816049097;111
7992;13581.528660107922;111
7993;13370.493713543821;110
7994;13581.528660107922;111
7995;13581.528660107922;111
7996;13537.813824776056;112
7997;13469.73930134703;112
7998;13475.7282631974;111
7999;13502.648996838778;112
8000;13390.307382515992;110
8001;13284.430251404892;107
8002;13119.619423981207;107
8003;13119.619423981207;107
8004;13119.619423981207;107
8005;13226.605821591666;108
8006;13091.03405576709;109
8007;13301.625028497403;107
8008;12994.660448749062;106
8009;13119.619423981207;107
8010;13119.619423981207;107
8011;13070.753984626113;107
8012;13061.398638745513;108
8013;13119.619423981207;107
8014;13119.619423981207;107
8015;13119.619423981207;107
8016;13208.340916883724;108
8017;13119.619423981207;107
8018;13272.757524207565;108
8019;13163.811395569344;107
8020;13119.619423981207;107
8021;13100.26137400511;107
8022;13099.885520249034;107
8023;13119.619423981207;107
8024;13119.619423981207;107
8025;13119.619423981207;107
8026;13119.619423981207;107
8027;13119.619423981207;107
8028;13181.293479117696;108
8029;13099.112512373218;108
8030;13119.619423981207;107
8031;13119.619423981207;107
8032;13119.619423981207;107
8033;13108.795468050888;108
8034;13125.699554776935;109
8035;13119.619423981207;107
8036;13119.619423981207;107
8037;13119.619423981207;107
8038;13184.937322568441;108
8039;13119.619423981207;107
8040;13103.120384861782;107
8041;13195.31863686559;109
8042;13159.054451622522;107
8043;13127.696432290664;107
8044;13159.054451622522;107
8045;13138.547540014533;108
8046;13017.5366222329;107
8047;13142.804006788598;107
8048;13262.858342882324;108
8049;13260.237224152774;108
8050;13186.430495906268;107
8051;13110.400738588378;107
8052;13159.054451622522;107
8053;13159.054451622522;107
8054;13159.054451622522;107
8055;13178.046557568474;107
8056;13159.054451622522;107
8057;13159.054451622522;107
8058;13159.054451622522;107
8059;13144.315168564253;107
8060;13138.240539420398;109
8061;13159.054451622522;107
8062;13159.054451622522;107
8063;13159.054451622522;107
8064;13199.22541911145;109
8065;13026.492608499875;108
8066;13119.619423981207;107
8067;13159.054451622522;107
8068;13084.03367363695;107
8069;13159.054451622522;107
8070;13119.619423981207;107
8071;13159.054451622522;107
8072;13294.310752581869;109
8073;13119.619423981207;107
8074;13119.619423981207;107
8075;13119.619423981207;107
8076;13079.777330067074;107
8077;13045.543737974423;107
8078;13119.619423981207;107
8079;13119.619423981207;107
8080;13119.619423981207;107
8081;13119.619423981207;107
8082;13091.303256631516;109
8083;13230.447380683661;109
8084;13019.084527189281;107
8085;13257.677863237812;107
8086;13184.610023031959;107
8087;13157.46715779446;108
8088;13159.054451622522;107
8089;13271.797136907946;107
8090;13150.528108946932;108
8091;13159.054451622522;107
8092;13240.652931374674;109
8093;13159.054451622522;107
8094;13096.383285601196;108
8095;13314.004356492835;108
8096;13262.858342882324;108
8097;13037.67144716077;106
8098;13159.054451622522;107
8099;13159.054451622522;107
8100;13138.350915830062;107
8101;13125.136180644327;107
8102;13159.407598079066;107
8103;13238.274413761066;110
8104;13037.992425191558;107
8105;13095.597192942774;109
8106;13294.310752581869;109
8107;13103.321625293625;108
8108;13119.619423981207;107
8109;13099.89427993239;107
8110;13119.619423981207;107
8111;13130.565383511084;107
8112;13231.0622698304;107
8113;13233.913779256078;108
8114;13204.348589688065;107
8115;13119.619423981207;107
8116;13242.890998252244;110
8117;13248.501495556566;110
8118;13107.819367175869;107
8119;13107.819367175869;107
8120;13159.783278316558;108
8121;13107.819367175869;107
8122;13199.01032485838;109
8123;13346.67714859239;109
8124;13175.64814605741;109
8125;13253.176748547083;109
8126;13204.42838917864;109
8127;13042.351566009047;107
8128;13407.963326220377;111
8129;13107.819367175869;107
8130;13107.819367175869;107
8131;13107.819367175869;107
8132;13353.111379873128;109
8133;13107.819367175869;107
8134;13239.357371399676;108
8135;13107.819367175869;107
8136;13169.126576833494;108
8137;13107.819367175869;107
8138;13151.160503579025;111
8139;13106.627665986143;112
8140;13207.356781806746;112
8141;13164.056201062724;115
8142;13484.189774784883;118
8143;13566.645535913432;116
8144;13466.794960505502;109
8145;13409.764740197112;109
8146;13458.994892482639;108
8147;13447.503091484641;108
8148;13456.791476583321;110
8149;13294.250506008808;109
8150;13447.505907888242;108
8151;13466.519385715581;108
8152;13466.519385715581;108
8153;13405.60220882672;108
8154;13417.318467458312;108
8155;13504.35904545676;109
8156;13466.519385715581;108
8157;13374.572181559293;108
8158;13466.519385715581;108
8159;13434.269399661269;110
8160;13321.829649080564;109
8161;13453.904554028166;110
8162;13466.519385715581;108
8163;13495.227118805818;109
8164;13405.60220882672;108
8165;13466.519385715581;108
8166;13466.519385715581;108
8167;13468.084857111493;109
8168;13462.084711246946;108
8169;13460.746210478284;108
8170;13469.324624485558;110
8171;13466.519385715581;108
8172;13466.519385715581;108
8173;13345.598874086352;108
8174;13466.519385715581;108
8175;13466.519385715581;108
8176;13466.519385715581;108
8177;13347.207744440106;109
8178;13466.519385715581;108
8179;13294.792785241712;109
8180;13467.38614119793;110
8181;13466.519385715581;108
8182;13446.925346092028;108
8183;13457.967558044631;110
8184;13346.58770397633;109
8185;13458.766386785155;108
8186;13392.885348154014;110
8187;13466.519385715581;108
8188;13355.671420753259;108
8189;13309.759899145653;108
8190;13466.519385715581;108
8191;13294.792785241712;109
8192;13222.068029832142;106
8193;13388.292096277906;108
8194;13465.162718010319;108
8195;13479.881628327748;108
8196;13444.424266695012;109
8197;13307.292326541188;108
8198;13466.519385715581;108
8199;13466.519385715581;108
8200;13466.519385715581;108
8201;13466.519385715581;108
8202;13374.049897284644;108
8203;13466.519385715581;108
8204;13407.89731434542;109
8205;13466.519385715581;108
8206;13386.508034761653;108
8207;13318.32124590984;107
8208;13336.742186740428;107
8209;13375.508282391764;108
8210;13466.519385715581;108
8211;13466.519385715581;108
8212;13421.6421899098;108
8213;13466.519385715581;108
8214;13466.519385715581;108
8215;13466.519385715581;108
8216;13418.637279645967;110
8217;13385.571311625506;108
8218;13466.519385715581;108
8219;13466.519385715581;108
8220;13466.519385715581;108
8221;13466.519385715581;108
8222;13449.659713962736;109
8223;13431.928488185184;109
8224;13466.519385715581;108
8225;13466.519385715581;108
8226;13466.519385715581;108
8227;13285.86814616698;108
8228;13465.45226636397;110
8229;13318.32124590984;107
8230;13462.56545145514;108
8231;13396.63559697021;108
8232;13429.71467542001;110
8233;13432.455987447407;108
8234;13401.070789884741;108
8235;13419.916185946608;108
8236;13347.028769987353;107
8237;13459.914219192313;109
8238;13401.803819450384;109
8239;13449.969886483597;110
8240;13466.519385715581;108
8241;13405.60220882672;108
8242;13424.216294764949;109
8243;13466.519385715581;108
8244;13466.519385715581;108
8245;13450.180281513693;108
8246;13466.519385715581;108
8247;13466.519385715581;108
8248;13466.519385715581;108
8249;13466.519385715581;108
8250;13466.519385715581;108
8251;13466.519385715581;108
8252;13466.519385715581;108
8253;13490.173008886433;108
8254;13466.519385715581;108
8255;13413.14283093291;108
8256;13466.519385715581;108
8257;13466.519385715581;108
8258;13458.554498609044;108
8259;13484.248956095595;109
8260;13466.519385715581;108
8261;13505.734961062088;108
8262;13388.233787326764;107
8263;13412.232316276002;110
8264;13447.504211234178;108
8265;13283.865751607353;109
8266;13466.519385715581;108
8267;13466.519385715581;108
8268;13445.032782934994;109
8269;13475.019431862476;108
8270;13466.519385715581;108
8271;13446.544968520202;108
8272;13394.487118622264;110
8273;13412.664788157283;108
8274;13466.519385715581;108
8275;13364.244890426926;108
8276;13466.519385715581;108
8277;13466.519385715581;108
8278;13466.519385715581;108
8279;13403.010403338856;109
8280;13466.519385715581;108
8281;13217.126677192067;108
8282;13466.519385715581;108
8283;13376.146032596569;108
8284;13331.907684689344;109
8285;13466.519385715581;108
8286;13466.519385715581;108
8287;13343.41469288099;109
8288;13466.519385715581;108
8289;13385.291714448635;109
8290;13466.519385715581;108
8291;13466.519385715581;108
8292;13455.586581421427;110
8293;13466.519385715581;108
8294;13424.227719151428;108
8295;13486.552926258748;108
8296;13362.693813661055;111
8297;13466.519385715581;108
8298;13437.115377044569;109
8299;13440.569205595399;111
8300;13466.519385715581;108
8301;13311.309057663431;108
8302;13466.519385715581;108
8303;13466.519385715581;108
8304;13466.519385715581;108
8305;13475.457542808184;108
8306;13361.837960069888;108
8307;13466.519385715581;108
8308;13402.52045280398;108
8309;13466.519385715581;108
8310;13431.948936786092;108
8311;13466.519385715581;108
8312;13461.411918654669;109
8313;13452.885575979077;110
8314;13356.292193016374;108
8315;13447.650002513876;108
8316;13402.793009500941;109
8317;13345.693854251751;110
8318;13394.478092933547;108
8319;13376.118365912598;108
8320;13466.519385715581;108
8321;13487.087834448821;108
8322;13466.519385715581;108
8323;13428.671966098145;109
8324;13466.519385715581;108
8325;13458.908045480692;108
8326;13466.519385715581;108
8327;13419.080591794283;108
8328;13466.519385715581;108
8329;13438.39900341644;109
8330;13398.44179197478;108
8331;13382.506633025805;108
8332;13492.866073287698;109
8333;13466.519385715581;108
8334;13440.746226712541;108
8335;13466.519385715581;108
8336;13398.224371565164;108
8337;13416.981768832415;108
8338;13466.519385715581;108
8339;13412.383765247292;108
8340;13466.519385715581;108
8341;13519.768627653144;111
8342;13466.519385715581;108
8343;13466.519385715581;108
8344;13373.05923721871;108
8345;13465.162718010319;108
8346;13321.77680058336;108
8347;13466.519385715581;108
8348;13466.519385715581;108
8349;13466.519385715581;108
8350;13466.519385715581;108
8351;13466.519385715581;108
8352;13416.527180834044;108
8353;13538.821204376733;109
8354;13364.050097550122;108
8355;13466.519385715581;108
8356;13332.51138959556;107
8357;13466.519385715581;108
8358;13418.677489937218;108
8359;13333.361229801738;108
8360;13466.519385715581;108
8361;13546.931034018176;109
8362;13466.519385715581;108
8363;13466.519385715581;108
8364;13466.519385715581;108
8365;13466.519385715581;108
8366;13466.519385715581;108
8367;13452.695676873313;112
8368;13466.519385715581;108
8369;13463.018523923729;109
8370;13333.361229801738;108
8371;13365.715869324753;107
8372;13367.478187409883;108
8373;13416.934398052976;108
8374;13466.519385715581;108
8375;13470.343157634048;108
8376;13466.519385715581;108
8377;13466.519385715581;108
8378;13466.519385715581;108
8379;13394.177816719926;109
8380;13466.519385715581;108
8381;13466.519385715581;108
8382;13466.519385715581;108
8383;13447.518948591854;108
8384;13290.06071142172;111
8385;13407.770841883217;108
8386;13353.399983454008;109
8387;13484.943832089462;108
8388;13447.50170813126;108
8389;13466.519385715581;108
8390;13409.6434722394;109
8391;13437.255092869205;108
8392;13471.44850358125;108
8393;13395.045344048542;109
8394;13466.519385715581;108
8395;13392.225903598808;109
8396;13466.519385715581;108
8397;13307.292326541188;108
8398;13388.705189740855;108
8399;13466.519385715581;108
8400;13466.519385715581;108
8401;13466.519385715581;108
8402;13356.320561868613;108
8403;13374.808099837883;109
8404;13466.519385715581;108
8405;13446.920065572383;108
8406;13503.194806976813;108
8407;13466.519385715581;108
8408;13356.96529261508;109
8409;13422.210978512603;109
8410;13337.444242753787;109
8411;13466.519385715581;108
8412;13447.517012737835;109
8413;13510.486586514042;109
8414;13469.616795388712;109
8415;13410.157875597377;108
8416;13466.519385715581;108
8417;13466.519385715581;108
8418;13450.192532510884;108
8419;13466.519385715581;108
8420;13459.914219192313;109
8421;13466.519385715581;108
8422;13466.519385715581;108
8423;13466.519385715581;108
8424;13466.519385715581;108
8425;13466.519385715581;108
8426;13237.306845827197;108
8427;13370.80820273324;108
8428;13456.791476583321;110
8429;13455.595862134249;110
8430;13345.795083919567;108
8431;13466.519385715581;108
8432;13319.109458225728;108
8433;13337.57981736286;108
8434;13349.015710122923;108
8435;13412.837195170481;108
8436;13466.519385715581;108
8437;13487.512937433277;108
8438;13414.588239580398;108
8439;13459.809148137767;108
8440;13446.542656834734;108
8441;13271.454113639087;107
8442;13466.519385715581;108
8443;13473.5835770835;109
8444;13466.519385715581;108
8445;13398.067409252273;108
8446;13466.519385715581;108
8447;13307.292326541188;108
8448;13447.650002513876;108
8449;13466.519385715581;108
8450;13466.519385715581;108
8451;13333.694046765157;108
8452;13466.519385715581;108
8453;13466.519385715581;108
8454;13432.674630465648;108
8455;13375.629086398469;108
8456;13466.519385715581;108
8457;13466.519385715581;108
8458;13466.519385715581;108
8459;13411.245955873243;108
8460;13445.705473513457;110
8461;13487.087834448821;108
8462;13461.443597972186;109
8463;13464.215415552428;109
8464;13331.928870283538;108
8465;13310.42848125442;108
8466;13416.414840178697;117
8467;13357.771566444879;108
8468;13625.287894119409;115
8469;13396.442276118943;109
8470;13440.159434530511;108
8471;13325.733505472568;110
8472;13466.519385715581;108
8473;13232.504903012788;109
8474;13466.519385715581;108
8475;13382.506633025805;108
8476;13378.30551495179;108
8477;13451.28490729462;109
8478;13424.585098470234;109
8479;13539.822954595753;111
8480;13370.081616333115;110
8481;13357.936487604504;109
8482;13357.936487604504;109
8483;13357.936487604504;109
8484;13247.448084946023;109
8485;13360.704528320195;109
8486;13357.936487604504;109
8487;13436.94947939297;111
8488;13510.987211461947;112
8489;13318.17350453499;110
8490;13346.210107089377;109
8491;13469.0529723561;110
8492;13440.881303047261;108
8493;13466.519385715581;108
8494;13472.174002343601;108
8495;13447.685394693624;110
8496;13466.519385715581;108
8497;13466.519385715581;108
8498;13466.519385715581;108
8499;13508.191623467745;108
8500;13466.519385715581;108
8501;13368.17805547834;109
8502;13446.925346092028;108
8503;13466.519385715581;108
8504;13466.519385715581;108
8505;13466.519385715581;108
8506;13410.653586228049;109
8507;13517.413990306508;109
8508;13365.715869324753;107
8509;13276.249379497354;108
8510;13466.519385715581;108
8511;13402.793009500941;109
8512;13466.519385715581;108
8513;13466.519385715581;108
8514;13471.440362536905;108
8515;13466.519385715581;108
8516;13403.689193493128;109
8517;13466.519385715581;108
8518;13466.519385715581;108
8519;13466.519385715581;108
8520;13320.347413550355;108
8521;13466.519385715581;108
8522;13467.453473299576;108
8523;13466.519385715581;108
8524;13457.993043039993;109
8525;13447.685394693624;110
8526;13466.519385715581;108
8527;13370.963859954703;109
8528;13487.265974277405;109
8529;13466.519385715581;108
8530;13466.519385715581;108
8531;13466.519385715581;108
8532;13349.707908363745;108
8533;13466.519385715581;108
8534;13373.054085910951;108
8535;13410.732790188458;110
8536;13466.519385715581;108
8537;13466.519385715581;108
8538;13466.519385715581;108
8539;13329.670368755364;108
8540;13466.519385715581;108
8541;13353.27902314734;109
8542;13466.519385715581;108
8543;13396.122465573388;109
8544;13533.075573563176;110
8545;13446.536647335923;108
8546;13466.519385715581;108
8547;13466.519385715581;108
8548;13466.519385715581;108
8549;13466.519385715581;108
8550;13466.519385715581;108
8551;13466.519385715581;108
8552;13466.519385715581;108
8553;13466.519385715581;108
8554;13466.519385715581;108
8555;13466.519385715581;108
8556;13466.519385715581;108
8557;13364.050097550122;108
8558;13382.506633025805;108
8559;13466.519385715581;108
8560;13466.519385715581;108
8561;13450.180281513693;108
8562;13466.519385715581;108
8563;13466.519385715581;108
8564;13466.519385715581;108
8565;13477.750393947728;108
8566;13466.519385715581;108
8567;13466.519385715581;108
8568;13388.659880007119;108
8569;13466.519385715581;108
8570;13466.519385715581;108
8571;13466.519385715581;108
8572;13365.715869324753;107
8573;13466.519385715581;108
8574;13466.519385715581;108
8575;13462.084711246946;108
8576;13371.645992727268;108
8577;13466.519385715581;108
8578;13466.519385715581;108
8579;13461.561098068669;108
8580;13433.665000417841;108
8581;13438.301870933403;108
8582;13466.519385715581;108
8583;13466.519385715581;108
8584;13299.723232163687;107
8585;13466.519385715581;108
8586;13338.30029197762;108
8587;13411.77433601939;109
8588;13466.519385715581;108
8589;13355.671420753259;108
8590;13356.319369543828;108
8591;13356.068603808604;108
8592;13456.791476583321;110
8593;13466.519385715581;108
8594;13466.519385715581;108
8595;13470.8217688942;109
8596;13466.519385715581;108
8597;13466.519385715581;108
8598;13466.519385715581;108
8599;13440.046210648425;108
8600;13410.68164659365;109
8601;13497.80589498649;109
8602;13459.809148137767;108
8603;13505.734961062088;108
8604;13467.38614119793;110
8605;13431.832003831996;109
8606;13441.743835573208;108
8607;13389.279140574816;108
8608;13309.89356551709;108
8609;13454.03216074812;111
8610;13466.519385715581;108
8611;13466.519385715581;108
8612;13404.110728965159;109
8613;13364.244890426926;108
8614;13472.579831792113;108
8615;13447.507615933891;108
8616;13466.519385715581;108
8617;13466.519385715581;108
8618;13349.627628953664;108
8619;13487.087834448821;108
8620;13466.519385715581;108
8621;13466.519385715581;108
8622;13441.187404145006;109
8623;13466.519385715581;108
8624;13396.122465573388;109
8625;13447.503091484641;108
8626;13532.803094735378;109
8627;13466.519385715581;108
8628;13416.94129248149;108
8629;13521.29775597535;110
8630;13466.519385715581;108
8631;13447.516361769422;108
8632;13416.981768832415;108
8633;13466.519385715581;108
8634;13407.16088714639;110
8635;13386.418953751769;108
8636;13466.519385715581;108
8637;13466.519385715581;108
8638;13466.519385715581;108
8639;13401.805479909863;109
8640;13466.519385715581;108
8641;13491.494759168649;108
8642;13359.531930533909;109
8643;13464.139393474781;111
8644;13506.246570726735;112
8645;13517.826971810218;109
8646;13274.440105871749;108
8647;13414.782183664436;109
8648;13432.354960371671;109
8649;13427.880371825619;109
8650;13383.410981928258;110
8651;13518.373071540731;112
8652;13357.936487604504;109
8653;13247.448084946023;109
8654;13461.608270251709;113
8655;13329.719604379497;115
8656;13505.527080414453;114
8657;13395.770018058343;115
8658;13474.999048511856;114
8659;13491.55648316048;116
8660;13668.614408148971;116
8661;13459.002581542514;110
8662;13357.936487604504;109
8663;13479.960668210502;111
8664;13260.593242003588;107
8665;13283.727428576261;109
8666;13292.883577303257;108
8667;13295.265868257997;108
8668;13435.33725472735;114
8669;13466.960864482742;114
8670;13558.497554807855;123
8671;13497.870515421802;116
8672;13507.696340445375;112
8673;13290.446491863859;110
8674;13215.25433023635;111
8675;13432.628457895249;110
8676;13121.607410254637;107
8677;13063.8794580697;108
8678;13156.777317674916;107
8679;13114.955959915835;106
8680;13106.371094037362;109
8681;13245.703791937685;109
8682;13367.386783265247;110
8683;13418.770640760824;112
8684;13225.803090491781;110
8685;13385.98907056854;110
8686;13302.389680250753;114
8687;13386.81636252657;110
8688;13253.960175698809;109
8689;13161.691914263685;110
8690;13303.855063798626;111
8691;13406.376512184179;113
8692;13324.092926763698;111
8693;13182.08920659355;111
8694;13259.280151714474;113
8695;13339.562700539911;116
8696;13481.381865094283;116
8697;13560.936451915353;116
8698;13195.512209379456;113
8699;13256.21428509753;115
8700;13220.162405366726;115
8701;13174.312689157592;114
8702;13477.419813008462;119
8703;13437.312652633636;116
8704;13354.059407637653;117
8705;13592.09200770118;118
8706;13578.56774552273;117
8707;13343.787726368642;111
8708;13483.689028754869;115
8709;13243.116433444531;112
8710;13502.448448278888;112
8711;13457.082692610247;111
8712;13060.597221610371;108
8713;13424.69804560721;110
8714;13581.194586242711;112
8715;13295.564742916842;108
8716;13422.103376649677;115
8717;13297.242182926066;111
8718;13391.183645408915;112
8719;13127.704550044304;108
8720;13322.898550482843;109
8721;13257.447291989234;108
8722;13336.785222282495;111
8723;13131.525688909576;112
8724;13336.599244202796;113
8725;13367.424835062995;108
8726;13480.748401673454;108
8727;13170.520574626533;107
8728;13281.022083246957;107
8729;13514.92188548367;112
8730;13470.846595761608;111
8731;13648.348920725199;114
8732;13551.758805098227;115
8733;13461.20535625261;117
8734;13638.579676872227;115
8735;13585.78631560026;113
8736;13564.435623327461;116
8737;13507.391042596157;112
8738;13482.66823722596;111
8739;13471.510497608353;114
8740;13171.472546582252;107
8741;13317.665070644487;111
8742;13129.243819937516;106
8743;13216.027178150358;110
8744;13254.086922704457;110
8745;12963.341470155941;106
8746;12606.000091603502;109
8747;12779.116183219894;115
8748;13215.647679951291;109
8749;13180.654582581612;110
8750;13346.685559680467;111
8751;13196.425991984734;108
8752;13329.447366775548;111
8753;13330.884136395904;109
8754;13330.17609615976;113
8755;13262.308238607206;113
8756;13359.991297167368;114
8757;13360.630211876232;115
8758;13377.087117698406;114
8759;13572.557461311864;118
8760;13410.05603439417;114
8761;13233.182329146051;112
8762;13113.775725752015;111
8763;13186.661423124871;109
8764;13350.191975298358;112
8765;13288.260775241066;112
8766;13263.150955102785;114
8767;12840.750742190507;111
8768;13317.305320548387;110
8769;13350.166322236248;109
8770;13211.24239973996;111
8771;13275.015534735438;107
8772;13173.291693832287;106
8773;13423.64295205934;108
8774;13271.16185473471;107
8775;13304.893764845998;107
8776;13229.160083814311;107
8777;13189.207052244368;107
8778;13072.942246143923;106
8779;13294.60423759847;109
8780;13304.893764845998;107
8781;13129.369855329132;109
8782;13304.893764845998;107
8783;13304.893764845998;107
8784;13425.8761373066;108
8785;13169.248554952335;108
8786;13111.100548151695;107
8787;13164.388769052795;108
8788;13237.30271464001;108
8789;13146.17202597674;106
8790;13165.036561616544;109
8791;13329.135108560402;109
8792;13104.714665425248;107
8793;13111.100548151695;107
8794;13170.88059151082;108
8795;13111.100548151695;107
8796;13104.714665425248;107
8797;13111.100548151695;107
8798;13074.686791061638;107
8799;13104.714665425248;107
8800;13111.100548151695;107
8801;13104.714665425248;107
8802;13216.138342285067;107
8803;13111.100548151695;107
8804;13170.88059151082;108
8805;13133.94735730118;106
8806;13311.258685914074;107
8807;13295.844522432828;107
8808;13046.189965569474;105
8809;13311.258685914074;107
8810;13079.799221677322;106
8811;13311.258685914074;107
8812;13311.258685914074;107
8813;13034.20356061668;105
8814;13311.258685914074;107
8815;13122.057895953232;108
8816;13227.256892286488;107
8817;13311.258685914074;107
8818;13311.258685914074;107
8819;13311.258685914074;107
8820;13311.258685914074;107
8821;13191.203019863371;106
8822;13294.42790403243;107
8823;13311.258685914074;107
8824;13311.258685914074;107
8825;13104.068657073929;106
8826;13311.258685914074;107
8827;13311.258685914074;107
8828;13326.441951386067;107
8829;13015.373563820374;106
8830;13311.258685914074;107
8831;13129.078575931571;106
8832;13152.458054980712;106
8833;13035.837325053728;107
8834;13049.150700864346;107
8835;13223.526686032104;106
8836;13255.842904773755;107
8837;13250.422474998488;107
8838;13282.787659240106;109
8839;13100.723916044928;106
8840;13108.253114687073;107
8841;13311.258685914074;107
8842;13207.154885780568;107
8843;13258.289375855426;107
8844;13034.220654161989;105
8845;13311.258685914074;107
8846;13308.954715750919;108
8847;12998.755620740649;108
8848;13153.557854592531;106
8849;13039.667035729319;106
8850;13135.876392318703;106
8851;13130.024209949412;106
8852;13262.82362232953;107
8853;13054.56970579555;105
8854;13250.422474998488;107
8855;13146.813137541032;106
8856;13311.258685914074;107
8857;13256.437032489277;107
8858;13311.258685914074;107
8859;13311.258685914074;107
8860;13311.258685914074;107
8861;13311.258685914074;107
8862;12960.12564316409;105
8863;13255.9335632957;107
8864;13311.258685914074;107
8865;13113.722565719689;106
8866;13311.258685914074;107
8867;13311.258685914074;107
8868;13311.258685914074;107
8869;13311.258685914074;107
8870;13162.353037917514;106
8871;13311.258685914074;107
8872;13100.25541983284;107
8873;13031.581488976377;105
8874;12968.600441198436;106
8875;13332.002439600237;108
8876;13108.253114687073;107
8877;13311.258685914074;107
8878;13311.258685914074;107
8879;13311.258685914074;107
8880;12982.5095113492;106
8881;13089.35443706958;105
8882;13311.258685914074;107
8883;13311.258685914074;107
8884;13053.650052079616;109
8885;13311.258685914074;107
8886;13311.258685914074;107
8887;13291.077253464895;107
8888;13311.258685914074;107
8889;13311.258685914074;107
8890;13291.070321991125;107
8891;12930.721634493078;106
8892;13270.049985612606;108
8893;13311.258685914074;107
8894;13311.258685914074;107
8895;13170.570788238023;106
8896;13176.001114629045;106
8897;13204.638405652042;109
8898;13023.560636751114;105
8899;13052.395922873542;106
8900;13311.258685914074;107
8901;13311.258685914074;107
8902;13311.258685914074;107
8903;13311.258685914074;107
8904;13056.63771269167;105
8905;13311.258685914074;107
8906;13133.38685174175;107
8907;13144.481664813366;108
8908;13291.230147510827;107
8909;13311.258685914074;107
8910;13311.258685914074;107
8911;13165.696929112928;106
8912;13176.001114629045;106
8913;13311.258685914074;107
8914;13311.258685914074;107
8915;13311.258685914074;107
8916;13311.258685914074;107
8917;13311.258685914074;107
8918;13220.448177026114;107
8919;13153.557854592531;106
8920;13311.258685914074;107
8921;13267.72249869086;106
8922;13311.258685914074;107
8923;13311.258685914074;107
8924;13172.081008933263;106
8925;13172.081008933263;106
8926;13311.258685914074;107
8927;13255.892648542065;107
8928;13311.258685914074;107
8929;13207.180735343529;109
8930;13311.258685914074;107
8931;13093.739089867651;108
8932;13102.868057480811;106
8933;13311.258685914074;107
8934;13168.879249207992;107
8935;13181.637716554784;107
8936;13279.150112605606;107
8937;13311.258685914074;107
8938;13104.725422788164;107
8939;13001.465225783857;106
8940;13322.486660235989;107
8941;13148.92690963806;106
8942;13031.77728709641;105
8943;13128.388368694836;106
8944;13311.258685914074;107
8945;13311.258685914074;107
8946;13291.230147510827;107
8947;13205.81708842501;106
8948;13311.258685914074;107
8949;13123.784553088557;106
8950;13311.258685914074;107
8951;13036.86070399696;105
8952;13247.745913321885;107
8953;13311.258685914074;107
8954;13095.613312569789;106
8955;13324.567674332224;107
8956;13311.258685914074;107
8957;13079.799221677322;106
8958;13115.768367109744;107
8959;13050.603686811752;107
8960;13311.258685914074;107
8961;13189.306231458864;106
8962;13275.25680290224;107
8963;13311.258685914074;107
8964;13211.361835906302;106
8965;13103.799981325596;105
8966;13311.258685914074;107
8967;13101.812098205528;107
8968;13114.588404626193;106
8969;13311.258685914074;107
8970;13152.458054980712;106
8971;13119.53282076943;107
8972;13191.738230880635;107
8973;13311.258685914074;107
8974;13311.258685914074;107
8975;13333.125155076897;109
8976;13311.258685914074;107
8977;13231.179378563229;107
8978;13291.122453991464;107
8979;13220.448177026114;107
8980;13311.258685914074;107
8981;13311.258685914074;107
8982;13034.220654161989;105
8983;13311.258685914074;107
8984;13185.892642206356;106
8985;13311.258685914074;107
8986;13311.258685914074;107
8987;13311.258685914074;107
8988;13311.258685914074;107
8989;13311.258685914074;107
8990;13311.258685914074;107
8991;13079.358263580129;108
8992;13311.258685914074;107
8993;13311.258685914074;107
8994;13242.658877209959;107
8995;13202.61603067542;109
8996;13311.258685914074;107
8997;13311.258685914074;107
8998;13311.258685914074;107
8999;13311.258685914074;107
9000;13311.258685914074;107
9001;13153.656163561467;106
9002;13311.258685914074;107
9003;13243.607053014734;107
9004;13131.935049248907;106
9005;13311.258685914074;107
9006;13160.605869713756;107
9007;13311.258685914074;107
9008;13311.258685914074;107
9009;13239.31333058998;107
9010;13129.078575931571;106
9011;13345.413340080808;107
9012;13172.497302856209;106
9013;13311.258685914074;107
9014;13311.258685914074;107
9015;13152.7759666946;107
9016;13311.258685914074;107
9017;13311.258685914074;107
9018;13311.258685914074;107
9019;13311.258685914074;107
9020;13178.610504059372;106
9021;13153.114794757266;106
9022;13311.258685914074;107
9023;13311.258685914074;107
9024;13311.258685914074;107
9025;13223.526686032104;106
9026;13212.305062485313;110
9027;13311.258685914074;107
9028;13114.153398508437;106
9029;13230.051599538358;111
9030;13237.97212647413;108
9031;13193.10601873696;107
9032;13311.258685914074;107
9033;13313.73199168545;108
9034;13311.258685914074;107
9035;13311.258685914074;107
9036;13036.86070399696;105
9037;13311.258685914074;107
9038;13198.582397417274;108
9039;13201.4497023762;107
9040;13311.258685914074;107
9041;13311.258685914074;107
9042;13311.258685914074;107
9043;13054.56970579555;105
9044;13311.258685914074;107
9045;13311.258685914074;107
9046;13246.624425974924;107
9047;13369.375247423166;109
9048;13311.258685914074;107
9049;13311.258685914074;107
9050;13228.1392938447;109
9051;13021.79066865729;105
9052;13165.200699408815;106
9053;13247.910689813689;108
9054;13176.001114629045;106
9055;13242.78955518831;107
9056;13262.82362232953;107
9057;13245.723392454527;107
9058;13084.82779579299;106
9059;13193.06946032642;107
9060;13311.258685914074;107
9061;13203.393603557863;106
9062;13154.320684894476;107
9063;13129.078575931571;106
9064;13311.258685914074;107
9065;13311.258685914074;107
9066;13013.382105579942;106
9067;13311.258685914074;107
9068;13270.105938093271;107
9069;13311.258685914074;107
9070;13047.182834151343;106
9071;13129.748085899982;106
9072;13087.384753802986;106
9073;13311.258685914074;107
9074;13311.258685914074;107
9075;13311.258685914074;107
9076;13037.070780662743;106
9077;13311.258685914074;107
9078;13311.258685914074;107
9079;13184.752887574512;107
9080;13167.157372016385;106
9081;13311.258685914074;107
9082;13311.258685914074;107
9083;13203.30981369175;108
9084;13311.258685914074;107
9085;13311.258685914074;107
9086;13311.258685914074;107
9087;13311.258685914074;107
9088;13311.258685914074;107
9089;13291.300763445539;107
9090;13291.214282508661;107
9091;13108.253114687073;107
9092;13262.594942577258;107
9093;13311.258685914074;107
9094;13257.93377769244;107
9095;13118.614960916215;106
9096;13311.258685914074;107
9097;13311.258685914074;107
9098;13181.637716554784;107
9099;13154.991085352018;108
9100;13133.256227618927;106
9101;13311.258685914074;107
9102;13311.258685914074;107
9103;13311.258685914074;107
9104;13166.086773902498;106
9105;13311.258685914074;107
9106;13204.638405652042;109
9107;13214.552680422057;107
9108;13266.98948503145;107
9109;13311.258685914074;107
9110;13164.055675312184;106
9111;13311.258685914074;107
9112;13354.047597086374;108
9113;13311.258685914074;107
9114;13311.258685914074;107
9115;13113.450287212401;107
9116;13376.533636644022;109
9117;13376.533636644022;109
9118;13376.533636644022;109
9119;13382.823787742562;109
9120;13376.533636644022;109
9121;13376.533636644022;109
9122;13221.28557385472;108
9123;13376.533636644022;109
9124;13335.208263168324;109
9125;13376.533636644022;109
9126;13237.944199532987;109
9127;13200.697825324636;109
9128;13067.432431055868;107
9129;13376.533636644022;109
9130;13380.143214050528;110
9131;13321.61283840314;109
9132;13344.474458855182;110
9133;13293.65240755691;110
9134;13292.224193559054;110
9135;13326.573075835664;112
9136;13320.426360782358;114
9137;13443.269182848271;115
9138;13449.418764113763;110
9139;13311.258685914074;107
9140;13160.102741342818;107
9141;13311.258685914074;107
9142;13311.258685914074;107
9143;13311.258685914074;107
9144;13311.258685914074;107
9145;13311.258685914074;107
9146;13311.258685914074;107
9147;13174.831236162268;106
9148;13133.040016994426;108
9149;13311.100062670916;107
9150;13311.258685914074;107
9151;13323.327183771067;109
9152;13311.258685914074;107
9153;13270.049985612606;108
9154;13311.258685914074;107
9155;13275.115086364642;107
9156;13311.258685914074;107
9157;13150.127821830909;107
9158;13328.458215166966;108
9159;13311.258685914074;107
9160;13181.637716554784;107
9161;13311.258685914074;107
9162;13172.497302856209;106
9163;13311.258685914074;107
9164;13036.86070399696;105
9165;13311.258685914074;107
9166;13220.843558791243;107
9167;13185.801482947107;106
9168;13291.230222830693;107
9169;13311.258685914074;107
9170;13220.737763918005;108
9171;13031.78700453266;105
9172;13346.73364200723;108
9173;13133.184600257775;106
9174;13050.603686811752;107
9175;13031.416477334615;105
9176;13256.971616474491;109
9177;13311.258685914074;107
9178;13072.192263932946;107
9179;13185.719464460499;106
9180;13311.258685914074;107
9181;13311.258685914074;107
9182;13311.258685914074;107
9183;13015.12557108312;106
9184;12954.257080315912;105
9185;13311.258685914074;107
9186;13079.799221677322;106
9187;13311.258685914074;107
9188;13255.842904773755;107
9189;13326.441951386067;107
9190;13311.258685914074;107
9191;13311.258685914074;107
9192;13160.894484689756;108
9193;13159.831500870305;106
9194;13024.196649851272;105
9195;13291.091558133;107
9196;12969.232205506542;106
9197;13311.258685914074;107
9198;13173.241693774069;106
9199;13096.608357893832;107
9200;13273.529266221261;107
9201;13291.230147510827;107
9202;13079.799221677322;106
9203;13311.258685914074;107
9204;13311.258685914074;107
9205;13311.258685914074;107
9206;13311.258685914074;107
9207;13066.067723377748;106
9208;13311.258685914074;107
9209;13311.258685914074;107
9210;13311.258685914074;107
9211;13123.784553088557;106
9212;13205.036738856017;107
9213;13311.258685914074;107
9214;13311.258685914074;107
9215;13311.258685914074;107
9216;13311.258685914074;107
9217;13223.526686032104;106
9218;13291.066518963542;107
9219;13236.348084800504;107
9220;13141.211689885175;106
9221;13311.258685914074;107
9222;13227.256892286488;107
9223;13311.258685914074;107
9224;13015.998943738638;105
9225;13311.258685914074;107
9226;13123.120382275563;107
9227;13311.258685914074;107
9228;13199.160737828013;107
9229;13177.091341946732;106
9230;13311.258685914074;107
9231;13287.61166554489;107
9232;13311.258685914074;107
9233;13302.258657275825;109
9234;13333.436103809721;107
9235;13311.258685914074;107
9236;13311.258685914074;107
9237;13311.258685914074;107
9238;13287.735610227595;108
9239;13311.258685914074;107
9240;13311.258685914074;107
9241;13103.821247299315;105
9242;13342.658251491499;108
9243;13311.258685914074;107
9244;13311.258685914074;107
9245;13311.258685914074;107
9246;13311.258685914074;107
9247;13311.258685914074;107
9248;13246.624425974924;107
9249;13176.738890612125;106
9250;13077.498669275798;106
9251;13123.784553088557;106
9252;13080.042201388247;107
9253;13311.258685914074;107
9254;13232.789032791772;106
9255;13112.42106512339;106
9256;13173.922566792717;106
9257;13143.17793520495;106
9258;13203.736248694746;107
9259;13323.327183771067;109
9260;13255.892648542065;107
9261;13311.258685914074;107
9262;13311.258685914074;107
9263;12973.82446054321;107
9264;13291.130026287306;107
9265;13284.931543187166;107
9266;13176.232436697099;108
9267;13311.258685914074;107
9268;13311.258685914074;107
9269;13150.127821830909;107
9270;13311.258685914074;107
9271;13185.744828437428;107
9272;13311.258685914074;107
9273;13147.9392456098;107
9274;13311.258685914074;107
9275;13311.258685914074;107
9276;13311.258685914074;107
9277;13311.258685914074;107
9278;13311.258685914074;107
9279;13306.207321596487;107
9280;13311.258685914074;107
9281;13031.581488976377;105
9282;13304.530907694956;107
9283;13311.258685914074;107
9284;13311.258685914074;107
9285;13311.258685914074;107
9286;13311.258685914074;107
9287;13311.258685914074;107
9288;13311.258685914074;107
9289;13311.258685914074;107
9290;13285.968981552569;107
9291;13105.093086169687;109
9292;13311.258685914074;107
9293;13065.611286788686;109
9294;12960.12564316409;105
9295;13311.258685914074;107
9296;13311.258685914074;107
9297;13046.189965569474;105
9298;13099.549314719818;108
9299;13311.258685914074;107
9300;13262.594942577258;107
9301;13106.838571343878;106
9302;13095.276650981947;106
9303;13376.533636644022;109
9304;13369.186831260859;109
9305;13376.533636644022;109
9306;13448.054347187921;110
9307;13407.003037940638;110
9308;13283.953387978847;107
9309;13209.53434844563;106
9310;13311.258685914074;107
9311;13311.258685914074;107
9312;13311.258685914074;107
9313;12968.600441198436;106
9314;13153.606792618612;106
9315;13311.258685914074;107
9316;13311.258685914074;107
9317;13095.276650981947;106
9318;13311.258685914074;107
9319;13311.258685914074;107
9320;13311.258685914074;107
9321;13311.258685914074;107
9322;13311.258685914074;107
9323;13311.258685914074;107
9324;13311.258685914074;107
9325;13248.800570736408;107
9326;13311.258685914074;107
9327;13067.920712492592;109
9328;13291.076113339514;107
9329;13311.258685914074;107
9330;13311.258685914074;107
9331;13229.726553182214;107
9332;13311.258685914074;107
9333;13099.875266378996;106
9334;13311.258685914074;107
9335;13311.258685914074;107
9336;13295.438235351417;107
9337;12597.30038173372;124
9338;13089.099164549916;108
9339;13311.258685914074;107
9340;13323.327183771067;109
9341;13256.971616474491;109
9342;13172.922342191301;106
9343;13311.258685914074;107
9344;13311.258685914074;107
9345;13311.258685914074;107
9346;13307.482641790259;107
9347;13311.258685914074;107
9348;13205.891469005393;107
9349;13185.744828437428;107
9350;13185.892642206356;106
9351;13311.258685914074;107
9352;13132.968618490506;106
9353;13311.258685914074;107
9354;13092.562333697511;107
9355;13311.258685914074;107
9356;13047.100246344122;105
9357;13311.258685914074;107
9358;13311.258685914074;107
9359;13311.258685914074;107
9360;13311.258685914074;107
9361;13311.258685914074;107
9362;13311.258685914074;107
9363;13327.31693441001;108
9364;13073.09427532681;105
9365;13103.821247299315;105
9366;13188.205500660739;106
9367;13311.258685914074;107
9368;13311.258685914074;107
9369;12964.078113924532;105
9370;13311.258685914074;107
9371;13311.258685914074;107
9372;13146.813137541032;106
9373;13101.640305760016;105
9374;13311.258685914074;107
9375;13239.251671152757;107
9376;13311.258685914074;107
9377;13311.258685914074;107
9378;13311.258685914074;107
9379;13311.258685914074;107
9380;13199.655203434653;108
9381;13290.751774306083;108
9382;13311.258685914074;107
9383;13311.258685914074;107
9384;13371.263777910253;108
9385;13268.647566865213;107
9386;13311.258685914074;107
9387;13311.258685914074;107
9388;13044.26940778618;105
9389;13311.258685914074;107
9390;13311.258685914074;107
9391;13311.258685914074;107
9392;13311.258685914074;107
9393;12954.257080315912;105
9394;13291.113719261944;107
9395;13321.586627475333;111
9396;13267.72249869086;106
9397;13311.258685914074;107
9398;13291.136647745172;107
9399;13311.258685914074;107
9400;13311.258685914074;107
9401;13402.479846744518;108
9402;13311.258685914074;107
9403;13103.777791533816;105
9404;13047.100246344122;105
9405;13285.968981552569;107
9406;13168.078528239574;106
9407;13024.054026245372;106
9408;13086.959576925416;106
9409;13376.533636644022;109
9410;13376.533636644022;109
9411;13358.734079494092;110
9412;13201.420872814468;109
9413;13164.053747106245;108
9414;13101.313631519037;107
9415;13067.432431055868;107
9416;13235.013916929976;108
9417;13323.435620414213;109
9418;13199.139528667625;108
9419;13089.026061992503;108
9420;13437.949595110354;110
9421;13373.660358844088;110
9422;13376.533636644022;109
9423;13173.778078826892;108
9424;13020.739347544615;108
9425;13067.432431055868;107
9426;13412.510846717922;112
9427;13331.707119153316;114
9428;13317.357256985752;116
9429;13373.26050896683;114
9430;13535.0446716378;116
9431;13537.822470019562;114
9432;13401.136679959534;112
9433;13454.638725015046;113
9434;13321.60164581597;111
9435;13221.695797972301;116
9436;13376.700825523247;114
9437;13512.285328406284;113
9438;13096.270818562183;111
9439;13384.784312703552;112
9440;13115.103242050238;111
9441;13054.435267698751;109
9442;12962.009834111246;111
9443;13046.576802534957;111
9444;13258.53847454445;113
9445;13152.176303800696;112
9446;13190.905889040136;117
9447;13154.372857748513;115
9448;12899.147503323471;110
9449;13457.345067077536;119
9450;13174.429059696833;113
9451;13089.680010403099;109
9452;13153.718520157734;110
9453;13257.695817585996;112
9454;13053.090677487196;109
9455;13101.525477997493;109
9456;13318.696885713236;114
9457;13363.766706320743;113
9458;13216.359018118872;116
9459;13271.609417227875;114
9460;13101.673990094148;110
9461;13239.422641696401;114
9462;13455.422572032396;117
9463;13406.84566670368;113
9464;12930.386289403996;110
9465;13158.021284069879;115
9466;12928.726471796339;114
9467;13449.915736752459;112
9468;13145.016814497341;108
9469;13109.760551128693;113
9470;13194.550205369052;109
9471;13164.407475495747;108
9472;13346.989978739744;111
9473;13271.367579756412;114
9474;13373.056744889367;112
9475;13395.324825847356;111
9476;13285.969167126435;110
9477;13348.93114212288;114
9478;13411.652512522884;115
9479;13242.81955282652;111
9480;13290.215465426261;113
9481;13394.565402697475;111
9482;13417.272331805212;111
9483;13481.555280289887;112
9484;13364.957559119326;110
9485;13338.874806386568;110
9486;13472.998351968574;110
9487;13266.426394946757;113
9488;13305.158061009612;111
9489;13355.62148764898;112
9490;13284.083375534245;112
9491;13354.261167862494;111
9492;13409.941543231402;113
9493;13385.98325489804;111
9494;13599.297329205978;114
9495;13457.427823820255;115
9496;13471.192524592178;115
9497;13315.68882646606;113
9498;13088.38036208703;112
9499;13053.251966405864;112
9500;13196.578107601763;109
9501;13204.896032675582;108
9502;13156.358864325883;108
9503;13167.388710883486;108
9504;13126.007994935604;112
9505;13326.2402801043;110
9506;13189.50335586933;108
9507;13194.168124795038;107
9508;13168.220279075123;110
9509;13232.042755229193;112
9510;13212.843373215128;111
9511;13368.460813821042;112
9512;13197.230169806542;107
9513;13238.576786260564;111
9514;13576.280808950498;113
9515;13358.519425949275;113
9516;13240.889076619602;108
9517;13241.963329957565;108
9518;13241.627147444056;109
9519;13232.971848667708;109
9520;13397.145480632626;113
9521;13170.514596335499;111
9522;13378.507149685345;109
9523;13260.726613022798;108
9524;13249.382842717276;108
9525;13495.96089972415;113
9526;13249.382842717276;108
9527;13515.53175343778;114
9528;13451.729869302697;114
9529;13260.726613022798;108
9530;13260.726613022798;108
9531;13260.726613022798;108
9532;13245.310392182935;108
9533;13398.187040882478;116
9534;13260.726613022798;108
9535;13092.447116795194;108
9536;13687.088220475052;116
9537;13300.561058768964;110
9538;13302.240429968626;108
9539;13182.944768427002;108
9540;13260.726613022798;108
9541;13260.726613022798;108
9542;13250.097790124388;108
9543;13139.533070612935;107
9544;13260.726613022798;108
9545;13202.437684178683;110
9546;13260.726613022798;108
9547;13247.120946847106;108
9548;13260.726613022798;108
9549;13260.726613022798;108
9550;13360.475917829584;110
9551;13260.726613022798;108
9552;13260.726613022798;108
9553;13427.683005358533;109
9554;13660.42397876169;113
9555;13244.162626600155;108
9556;13271.649518985188;108
9557;13260.726613022798;108
9558;13240.302002987653;108
9559;13323.194120427126;109
9560;13230.771830761185;108
9561;13653.440605756314;113
9562;13326.913144742111;108
9563;13299.196264941178;109
9564;13208.307763104975;108
9565;13321.001791020239;109
9566;13260.726613022798;108
9567;13260.726613022798;108
9568;13342.177173035006;110
9569;13432.446767733334;113
9570;13260.726613022798;108
9571;13378.636976813279;112
9572;13378.507149685345;109
9573;13260.726613022798;108
9574;13326.005110657396;108
9575;13240.286432170455;108
9576;13260.726613022798;108
9577;13260.726613022798;108
9578;13251.637183032883;110
9579;13260.726613022798;108
9580;13170.436946733978;107
9581;13379.190823320725;109
9582;13260.726613022798;108
9583;13466.427589855632;109
9584;13260.726613022798;108
9585;13387.95872433375;109
9586;13300.386329661964;109
9587;13524.409421471131;111
9588;13315.09811524278;110
9589;13156.70803946169;107
9590;13260.726613022798;108
9591;13396.780277827722;109
9592;13260.726613022798;108
9593;13260.726613022798;108
9594;13260.726613022798;108
9595;13260.726613022798;108
9596;13263.18085923157;108
9597;13260.726613022798;108
9598;13258.422642859645;109
9599;13242.169681412375;109
9600;13262.368111756294;108
9601;13342.177173035006;110
9602;13260.726613022798;108
9603;13557.004625994061;113
9604;13386.866119243725;110
9605;13260.726613022798;108
9606;13244.299705105801;108
9607;13251.637183032883;110
9608;13260.726613022798;108
9609;13260.726613022798;108
9610;13260.726613022798;108
9611;13244.30067747289;108
9612;13232.141244808681;110
9613;13217.01086044402;110
9614;13260.726613022798;108
9615;13260.726613022798;108
9616;13260.726613022798;108
9617;13251.637183032883;110
9618;13200.347701698814;108
9619;13407.554004278016;109
9620;13247.196396555488;108
9621;13260.726613022798;108
9622;13260.726613022798;108
9623;13260.726613022798;108
9624;13260.726613022798;108
9625;13260.726613022798;108
9626;13238.550297233274;108
9627;13260.726613022798;108
9628;13260.726613022798;108
9629;13182.267643279458;108
9630;13240.30837171946;108
9631;13260.726613022798;108
9632;13335.332528356024;109
9633;13260.726613022798;108
9634;13260.726613022798;108
9635;13235.065617092787;108
9636;13260.726613022798;108
9637;13260.726613022798;108
9638;13260.726613022798;108
9639;13260.726613022798;108
9640;13260.726613022798;108
9641;13560.057473947994;116
9642;13257.749857124947;108
9643;13253.727494351031;108
9644;13377.790722281208;111
9645;13272.089214989923;108
9646;13649.530605840111;114
9647;13264.127252640457;108
9648;13345.520700197661;109
9649;13260.726613022798;108
9650;13260.726613022798;108
9651;13260.726613022798;108
9652;13244.301511283695;108
9653;13311.37870136953;109
9654;13295.938445151964;110
9655;13219.009598796609;110
9656;13170.270262417987;109
9657;13368.772731693252;112
9658;13260.726613022798;108
9659;13387.471952826278;109
9660;13260.726613022798;108
9661;13682.207564744178;113
9662;13233.021208197088;108
9663;13260.726613022798;108
9664;13260.726613022798;108
9665;13466.157714047795;109
9666;13260.726613022798;108
9667;13651.38998741891;114
9668;13260.726613022798;108
9669;13144.912256303272;108
9670;13260.726613022798;108
9671;13682.65247448516;113
9672;13260.726613022798;108
9673;13378.507149685345;109
9674;13508.779899766372;113
9675;13261.32523475757;108
9676;13311.370400192412;109
9677;13260.726613022798;108
9678;13260.726613022798;108
9679;13240.265520811088;108
9680;13395.819560474853;111
9681;13260.726613022798;108
9682;13260.726613022798;108
9683;13260.726613022798;108
9684;13260.726613022798;108
9685;13260.726613022798;108
9686;13200.347701698814;108
9687;13260.726613022798;108
9688;13372.877653849611;109
9689;13260.726613022798;108
9690;13343.811735200587;109
9691;13159.939334353066;107
9692;13170.1644628026;108
9693;13373.220979148302;109
9694;13271.071314671974;108
9695;13260.726613022798;108
9696;13260.726613022798;108
9697;13260.726613022798;108
9698;13260.726613022798;108
9699;13326.052887195661;109
9700;13260.726613022798;108
9701;13260.726613022798;108
9702;13260.726613022798;108
9703;13260.726613022798;108
9704;13260.726613022798;108
9705;13442.653839569046;111
9706;13260.726613022798;108
9707;13399.363529826283;109
9708;13260.726613022798;108
9709;13298.000871821236;111
9710;13254.374744446339;110
9711;13446.32996099535;111
9712;13260.726613022798;108
9713;13260.726613022798;108
9714;13260.726613022798;108
9715;13260.726613022798;108
9716;13393.873186394858;111
9717;13260.726613022798;108
9718;13240.319023358006;108
9719;13260.726613022798;108
9720;13344.288780261459;109
9721;13260.726613022798;108
9722;13295.604300176783;108
9723;13222.390047584675;109
9724;13388.000046993764;109
9725;13207.724234198728;108
9726;13260.726613022798;108
9727;13260.726613022798;108
9728;13234.388508000691;110
9729;13326.775834323693;109
9730;13260.726613022798;108
9731;13296.833508158317;110
9732;13251.00526132419;108
9733;13240.398581789577;108
9734;13260.726613022798;108
9735;13260.726613022798;108
9736;13260.726613022798;108
9737;13251.00526132419;108
9738;13220.346294096864;108
9739;13388.000046993764;109
9740;13233.89592523201;108
9741;13268.427791727006;110
9742;13260.726613022798;108
9743;13629.661525986057;113
9744;13466.808655774972;122
9745;13260.726613022798;108
9746;13373.220979148302;109
9747;13220.137639683664;108
9748;13260.726613022798;108
9749;13272.511033314851;108
9750;13244.428814335213;109
9751;13260.726613022798;108
9752;13372.877653849611;109
9753;13369.732561474513;109
9754;13432.446767733334;113
9755;13675.458017119905;113
9756;13260.726613022798;108
9757;13307.251469082219;109
9758;13260.726613022798;108
9759;13260.726613022798;108
9760;13166.495610889559;108
9761;13260.726613022798;108
9762;13373.975166117587;111
9763;13248.023456391196;108
9764;13260.726613022798;108
9765;13260.726613022798;108
9766;13414.20735747221;109
9767;13260.261278483966;108
9768;13260.726613022798;108
9769;13370.090454943938;109
9770;13483.921227318306;110
9771;13260.726613022798;108
9772;13292.984300051834;110
9773;13287.651421640116;110
9774;13346.119094768383;108
9775;13240.276796260448;108
9776;13260.726613022798;108
9777;13252.908538239923;110
9778;13200.615951933205;108
9779;13276.439346421268;110
9780;13252.200270347206;109
9781;13260.726613022798;108
9782;13260.726613022798;108
9783;13244.299705105801;108
9784;13240.889076619602;108
9785;13581.096451157802;116
9786;13365.320869847474;113
9787;13313.791348169849;111
9788;13260.726613022798;108
9789;13260.726613022798;108
9790;13260.726613022798;108
9791;13260.726613022798;108
9792;13260.726613022798;108
9793;13260.726613022798;108
9794;13259.893929085221;108
9795;13260.726613022798;108
9796;13260.726613022798;108
9797;13339.232096280182;109
9798;13186.995812248642;109
9799;13240.219701414808;109
9800;13260.40340320053;109
9801;13260.726613022798;108
9802;13247.138609336316;108
9803;13244.945464414826;108
9804;13260.726613022798;108
9805;13260.726613022798;108
9806;13260.726613022798;108
9807;13361.690109322113;111
9808;13260.726613022798;108
9809;13399.363529826283;109
9810;13180.375250865527;113
9811;13619.953188062826;114
9812;13260.726613022798;108
9813;13270.67403488652;109
9814;13260.726613022798;108
9815;13272.511033314851;108
9816;13260.726613022798;108
9817;13259.4960331369;109
9818;13211.509614873768;109
9819;13333.048051937281;109
9820;13139.533070612935;107
9821;13260.726613022798;108
9822;13204.230918948268;110
9823;13260.726613022798;108
9824;13260.726613022798;108
9825;13354.23086322929;109
9826;13260.726613022798;108
9827;13399.554057966445;109
9828;13260.726613022798;108
9829;13260.726613022798;108
9830;13260.726613022798;108
9831;13260.726613022798;108
9832;13484.517196641764;115
9833;13260.726613022798;108
9834;13276.589192032048;108
9835;13260.726613022798;108
9836;13260.726613022798;108
9837;13260.726613022798;108
9838;13260.726613022798;108
9839;13260.726613022798;108
9840;13118.637366783822;108
9841;13260.726613022798;108
9842;13260.726613022798;108
9843;13260.726613022798;108
9844;13260.726613022798;108
9845;13131.48703502877;109
9846;13220.137639683664;108
9847;13326.65547359967;111
9848;13313.17108970003;110
9849;13260.726613022798;108
9850;13240.90661861669;108
9851;13679.36277665637;115
9852;13475.822511476727;114
9853;13260.726613022798;108
9854;13260.726613022798;108
9855;13256.523870269439;108
9856;13260.726613022798;108
9857;13260.726613022798;108
9858;13719.775332988213;114
9859;13260.726613022798;108
9860;13279.737656211288;110
9861;13260.726613022798;108
9862;13260.726613022798;108
9863;13213.179303615363;108
9864;13260.726613022798;108
9865;13408.700103878073;113
9866;13412.977537979725;111
9867;13260.726613022798;108
9868;13306.842922670661;108
9869;13191.270703956317;110
9870;13260.726613022798;108
9871;13260.726613022798;108
9872;13220.979455817689;109
9873;13260.726613022798;108
9874;13260.726613022798;108
9875;13260.726613022798;108
9876;13260.726613022798;108
9877;13156.70803946169;107
9878;13260.726613022798;108
9879;13682.843866465544;118
9880;13562.95567599604;113
9881;13499.18979918263;114
9882;13385.109574025193;113
9883;13384.068892935775;111
9884;13272.285730107198;110
9885;13243.932463775842;108
9886;13260.726613022798;108
9887;13260.726613022798;108
9888;13260.726613022798;108
9889;13190.174626988755;111
9890;13175.230193386826;108
9891;13591.63154410032;112
9892;13562.95567599604;113
9893;13526.150965700468;115
9894;13577.122426380394;114
9895;13390.422900268659;109
9896;13245.895727927404;110
9897;13412.977537979725;111
9898;13296.397197241193;110
9899;13335.855563213765;109
9900;13260.726613022798;108
9901;13260.726613022798;108
9902;13186.995812248642;109
9903;13260.726613022798;108
9904;13225.187813001126;108
9905;13260.726613022798;108
9906;13260.726613022798;108
9907;13260.726613022798;108
9908;13345.179144168733;109
9909;13277.102678893598;108
9910;13260.726613022798;108
9911;13260.726613022798;108
9912;13414.294407841342;108
9913;13300.071440376203;111
9914;13260.726613022798;108
9915;13654.592731152612;114
9916;13260.726613022798;108
9917;13624.365938056742;113
9918;13260.726613022798;108
9919;13260.726613022798;108
9920;13260.726613022798;108
9921;13335.045330820189;108
9922;13625.435011154443;114
9923;13254.303078963012;110
9924;13260.726613022798;108
9925;13235.065617092787;108
9926;13337.863340477288;112
9927;13260.726613022798;108
9928;13260.726613022798;108
9929;13414.20735747221;109
9930;13260.726613022798;108
9931;13260.726613022798;108
9932;13260.726613022798;108
9933;13270.420841805515;108
9934;13260.726613022798;108
9935;13248.290370702487;108
9936;13356.018439290212;110
9937;13650.549249805717;117
9938;13220.346625242915;108
9939;13681.319609970775;117
9940;13255.619145961882;109
9941;13260.726613022798;108
9942;13260.726613022798;108
9943;13260.726613022798;108
9944;13260.726613022798;108
9945;13148.174595043667;108
9946;13260.726613022798;108
9947;13253.315175798729;110
9948;13260.726613022798;108
9949;13260.726613022798;108
9950;13260.726613022798;108
9951;13240.797148782405;108
9952;13272.134723729185;108
9953;13229.003767741795;110
9954;13260.726613022798;108
9955;13260.726613022798;108
9956;13260.726613022798;108
9957;13191.192329847903;108
9958;13325.700137995835;109
9959;13169.981448204382;107
9960;13466.787213853748;113
9961;13487.238471823886;113
9962;13240.408606189376;108
9963;13240.219701414808;109
9964;13260.726613022798;108
9965;13297.942200506499;110
9966;13412.977537979725;111
9967;13260.726613022798;108
9968;13241.963329957565;108
9969;13260.726613022798;108
9970;13260.726613022798;108
9971;13260.726613022798;108
9972;13259.700350742973;108
9973;13672.694461629228;113
9974;13179.880211294134;110
9975;13223.765541422164;108
9976;13244.811118650257;108
9977;13466.427589855632;109
9978;13223.921902727223;110
9979;13190.616152070937;108
9980;13260.726613022798;108
9981;13139.533070612935;107
9982;13260.726613022798;108
9983;13260.726613022798;108
9984;13319.663575451292;113
9985;13260.726613022798;108
9986;13260.726613022798;108
9987;13263.18085923157;108
9988;13411.07075379158;110
9989;13444.459554246507;114
9990;13169.981448204382;107
9991;13260.726613022798;108
9992;13260.40340320053;109
9993;13260.726613022798;108
9994;13247.092803286294;110
9995;13233.021208197088;108
9996;13260.726613022798;108
9997;13205.596977755818;108
9998;13260.726613022798;108
9999;13260.726613022798;108
